pokedexId,name,hp,attack,defense,specialAttack,specialDefense,speed,remarks,type1,type2,gen,implFlg
0001N01,フシギダネ,45,49,49,65,65,45,,くさ,どく,g1,TRUE
0002N01,フシギソウ,60,62,63,80,80,60,,くさ,どく,g1,TRUE
0003M01,メガフシギバナ,80,100,123,122,120,80,,くさ,どく,g6,TRUE
0003N01,フシギバナ,80,82,83,100,100,80,,くさ,どく,g1,TRUE
0004N01,ヒトカゲ,39,52,43,60,50,65,,ほのお,,g1,TRUE
0005N01,リザード,58,64,58,80,65,80,,ほのお,,g1,TRUE
0006M01,メガリザードンX,78,130,111,130,85,100,,ほのお,ドラゴン,g6,TRUE
0006M02,メガリザードンY,78,104,78,159,115,100,,ほのお,ひこう,g6,TRUE
0006N01,リザードン,78,84,78,109,85,100,,ほのお,ひこう,g1,TRUE
0007N01,ゼニガメ,44,48,65,50,64,43,,みず,,g1,TRUE
0008N01,カメール,59,63,80,65,80,58,,みず,,g1,TRUE
0009M01,メガカメックス,79,103,120,135,115,78,,みず,,g6,TRUE
0009N01,カメックス,79,83,100,85,105,78,,みず,,g1,TRUE
0010N01,キャタピー,45,30,35,20,20,45,,むし,,g1,TRUE
0011N01,トランセル,50,20,55,25,25,30,,むし,,g1,TRUE
0012N01,バタフリー,60,45,50,90,80,70,,むし,ひこう,g1,TRUE
0013N01,ビードル,40,35,30,20,20,50,,むし,どく,g1,TRUE
0014N01,コクーン,45,25,50,25,25,35,,むし,どく,g1,TRUE
0015M01,メガスピアー,65,150,40,15,80,145,,むし,どく,g6orac,TRUE
0015N01,スピアー,65,90,40,45,80,75,,むし,どく,g1,TRUE
0016N01,ポッポ,40,45,40,35,35,56,,ノーマル,ひこう,g1,TRUE
0017N01,ピジョン,63,60,55,50,50,71,,ノーマル,ひこう,g1,TRUE
0018M01,メガピジョット,83,80,80,135,80,121,,ノーマル,ひこう,g6orac,TRUE
0018N01,ピジョット,83,80,75,70,70,101,,ノーマル,ひこう,g1,TRUE
0019A01,コラッタ,30,56,35,25,35,72,アローラのすがた,あく,ノーマル,g7,TRUE
0019N01,コラッタ,30,56,35,25,35,72,,ノーマル,,g1,TRUE
0020A01,ラッタ,75,71,70,40,80,77,アローラのすがた,あく,ノーマル,g7,TRUE
0020N01,ラッタ,55,81,60,50,70,97,,ノーマル,,g1,TRUE
0021N01,オニスズメ,40,60,30,31,31,70,,ノーマル,ひこう,g1,TRUE
0022N01,オニドリル,65,90,65,61,61,100,,ノーマル,ひこう,g1,TRUE
0023N01,アーボ,35,60,44,40,54,55,,どく,,g1,TRUE
0024N01,アーボック,60,95,69,65,79,80,,どく,,g1,TRUE
0025N01,ピカチュウ,35,55,40,50,50,90,,でんき,,g1,TRUE
0025N02,ピカチュウ,45,80,50,75,60,120,相棒,でんき,,g7pv,FALSE
0026A01,ライチュウ,60,85,50,95,85,110,アローラのすがた,でんき,エスパー,g7,TRUE
0026N01,ライチュウ,60,90,55,90,80,110,,でんき,,g1,TRUE
0027A01,サンド,50,75,90,10,35,40,アローラのすがた,こおり,はがね,g7,TRUE
0027N01,サンド,50,75,85,20,30,40,,じめん,,g1,TRUE
0028A01,サンドパン,75,100,120,25,65,65,アローラのすがた,こおり,はがね,g7,TRUE
0028N01,サンドパン,75,100,110,45,55,65,,じめん,,g1,TRUE
0029N01,ニドラン♀,55,47,52,40,40,41,,どく,,g1,TRUE
0030N01,ニドリーナ,70,62,67,55,55,56,,どく,,g1,TRUE
0031N01,ニドクイン,90,92,87,75,85,76,,どく,,g1,TRUE
0032N01,ニドラン♂,46,57,40,40,40,50,,どく,じめん,g1,TRUE
0033N01,ニドリーノ,61,72,57,55,55,65,,どく,,g1,TRUE
0034N01,ニドキング,81,102,77,85,75,85,,どく,,g1,TRUE
0035N01,ピッピ,70,45,48,60,65,35,,フェアリー,じめん,g1,TRUE
0036N01,ピクシー,95,70,73,95,90,60,,フェアリー,,g1,TRUE
0037A01,ロコン,38,41,40,50,65,65,アローラのすがた,こおり,,g7,TRUE
0037N01,ロコン,38,41,40,50,65,65,,ほのお,,g1,TRUE
0038A01,キュウコン,73,67,75,81,100,109,アローラのすがた,こおり,フェアリー,g7,TRUE
0038N01,キュウコン,73,76,75,81,100,100,,ほのお,,g1,TRUE
0039N01,プリン,115,45,20,45,25,20,,ノーマル,フェアリー,g1,TRUE
0040N01,プクリン,140,70,45,85,50,45,,ノーマル,フェアリー,g1,TRUE
0041N01,ズバット,40,45,35,30,40,55,,どく,ひこう,g1,TRUE
0042N01,ゴルバット,75,80,70,65,75,90,,どく,ひこう,g1,TRUE
0043N01,ナゾノクサ,45,50,55,75,65,30,,くさ,どく,g1,TRUE
0044N01,クサイハナ,60,65,70,85,75,40,,くさ,どく,g1,TRUE
0045N01,ラフレシア,75,80,85,110,90,50,,くさ,どく,g1,TRUE
0046N01,パラス,35,70,55,45,55,25,,むし,くさ,g1,TRUE
0047N01,パラセクト,60,95,80,60,80,30,,むし,くさ,g1,TRUE
0048N01,コンパン,60,55,50,40,55,45,,むし,どく,g1,TRUE
0049N01,モルフォン,70,65,60,90,75,90,,むし,どく,g1,TRUE
0050A01,ディグダ,10,55,30,35,45,90,アローラのすがた,じめん,はがね,g7,TRUE
0050N01,ディグダ,10,55,25,35,45,95,,じめん,,g1,TRUE
0051A01,ダグトリオ,35,100,60,50,70,110,アローラのすがた,じめん,はがね,g7,TRUE
0051N01,ダグトリオ,35,100,50,50,70,120,,じめん,,g1,TRUE
0052A01,ニャース,40,35,35,50,40,90,アローラのすがた,あく,,g7,TRUE
0052G01,ニャース,50,65,55,40,40,40,ガラルのすがた,はがね,,g8,TRUE
0052N01,ニャース,40,45,35,40,40,90,,ノーマル,,g1,TRUE
0053A01,ペルシアン,65,60,60,75,65,115,アローラのすがた,あく,,g7,TRUE
0053N01,ペルシアン,65,70,60,65,65,115,,ノーマル,,g1,TRUE
0054N01,コダック,50,52,48,65,50,55,,みず,,g1,TRUE
0055N01,ゴルダック,80,82,78,95,80,85,,みず,,g1,TRUE
0056N01,マンキー,40,80,35,35,45,70,,かくとう,,g1,TRUE
0057N01,オコリザル,65,105,60,60,70,95,,かくとう,,g1,TRUE
0058H01,ガーディ,60,75,45,65,50,55,ヒスイのすがた,ほのお,いわ,arceus,TRUE
0058N01,ガーディ,55,70,45,70,50,60,,ほのお,,g1,TRUE
0059H01,ウインディ,95,115,80,95,80,90,ヒスイのすがた,ほのお,いわ,arceus,TRUE
0059N01,ウインディ,90,110,80,100,80,95,,ほのお,,g1,TRUE
0060N01,ニョロモ,40,50,40,40,40,90,,みず,,g1,TRUE
0061N01,ニョロゾ,65,65,65,50,50,90,,みず,,g1,TRUE
0062N01,ニョロボン,90,95,95,70,90,70,,みず,かくとう,g1,TRUE
0063N01,ケーシィ,25,20,15,105,55,90,,エスパー,,g1,TRUE
0064N01,ユンゲラー,40,35,30,120,70,105,,エスパー,,g1,TRUE
0065M01,メガフーディン,55,50,65,175,105,150,,エスパー,,g6,TRUE
0065N01,フーディン,55,50,45,135,95,120,,エスパー,,g1,TRUE
0066N01,ワンリキー,70,80,50,35,35,35,,かくとう,,g1,TRUE
0067N01,ゴーリキー,80,100,70,50,60,45,,かくとう,,g1,TRUE
0068N01,カイリキー,90,130,80,65,85,55,,かくとう,,g1,TRUE
0069N01,マダツボミ,50,75,35,70,30,40,,くさ,どく,g1,TRUE
0070N01,ウツドン,65,90,50,85,45,55,,くさ,どく,g1,TRUE
0071N01,ウツボット,80,105,65,100,70,70,,くさ,どく,g1,TRUE
0072N01,メノクラゲ,40,40,35,50,100,70,,みず,どく,g1,TRUE
0073N01,ドククラゲ,80,70,65,80,120,100,,みず,どく,g1,TRUE
0074A01,イシツブテ,40,80,100,30,30,20,アローラのすがた,いわ,でんき,g7,TRUE
0074N01,イシツブテ,40,80,100,30,30,20,,いわ,じめん,g1,TRUE
0075A01,ゴローン,55,95,115,45,45,35,アローラのすがた,いわ,でんき,g7,TRUE
0075N01,ゴローン,55,95,115,45,45,35,,いわ,じめん,g1,TRUE
0076A01,ゴローニャ,80,120,130,55,65,45,アローラのすがた,いわ,でんき,g7,TRUE
0076N01,ゴローニャ,80,120,130,55,65,45,,いわ,じめん,g1,TRUE
0077G01,ポニータ,50,85,55,65,65,90,ガラルのすがた,エスパー,,g8,TRUE
0077N01,ポニータ,50,85,55,65,65,90,,ほのお,,g1,TRUE
0078G01,ギャロップ,65,100,70,80,80,105,ガラルのすがた,エスパー,フェアリー,g8,TRUE
0078N01,ギャロップ,65,100,70,80,80,105,,ほのお,,g1,TRUE
0079G01,ヤドン,90,65,65,40,40,15,ガラルのすがた,エスパー,,g8,TRUE
0079N01,ヤドン,90,65,65,40,40,15,,みず,エスパー,g1,TRUE
0080G01,ヤドラン,95,100,95,100,70,30,ガラルのすがた,どく,エスパー,g8,TRUE
0080M01,メガヤドラン,95,75,180,130,80,30,,みず,エスパー,g6orac,TRUE
0080N01,ヤドラン,95,75,110,100,80,30,,みず,エスパー,g1,TRUE
0081N01,コイル,25,35,70,95,55,45,,でんき,はがね,g1,TRUE
0082N01,レアコイル,50,60,95,120,70,70,,でんき,はがね,g1,TRUE
0083G01,カモネギ,52,95,55,58,62,55,ガラルのすがた,かくとう,,g8,TRUE
0083N01,カモネギ,52,90,55,58,62,60,,ノーマル,ひこう,g1,TRUE
0084N01,ドードー,35,85,45,35,35,75,,ノーマル,ひこう,g1,TRUE
0085N01,ドードリオ,60,110,70,60,60,110,,ノーマル,ひこう,g1,TRUE
0086N01,パウワウ,65,45,55,45,70,45,,みず,,g1,TRUE
0087N01,ジュゴン,90,70,80,70,95,70,,みず,こおり,g1,TRUE
0088A01,ベトベター,80,80,50,40,50,25,アローラのすがた,どく,あく,g7,TRUE
0088N01,ベトベター,80,80,50,40,50,25,,どく,,g1,TRUE
0089A01,ベトベトン,105,105,75,65,100,50,アローラのすがた,どく,あく,g7,TRUE
0089N01,ベトベトン,105,105,75,65,100,50,,どく,,g1,TRUE
0090N01,シェルダー,30,65,100,45,25,40,,みず,,g1,TRUE
0091N01,パルシェン,50,95,180,85,45,70,,みず,こおり,g1,TRUE
0092N01,ゴース,30,35,30,100,35,80,,ゴースト,どく,g1,TRUE
0093N01,ゴースト,45,50,45,115,55,95,,ゴースト,どく,g1,TRUE
0094M01,メガゲンガー,60,65,80,170,95,130,,ゴースト,どく,g6,TRUE
0094N01,ゲンガー,60,65,60,130,75,110,,ゴースト,どく,g1,TRUE
0095N01,イワーク,35,45,160,30,45,70,,いわ,じめん,g1,TRUE
0096N01,スリープ,60,48,45,43,90,42,,エスパー,,g1,TRUE
0097N01,スリーパー,85,73,70,73,115,67,,エスパー,,g1,TRUE
0098N01,クラブ,30,105,90,25,25,50,,みず,,g1,TRUE
0099N01,キングラー,55,130,115,50,50,75,,みず,,g1,TRUE
0100H01,ビリリダマ,40,30,50,55,55,100,ヒスイのすがた,でんき,くさ,arceus,TRUE
0100N01,ビリリダマ,40,30,50,55,55,100,,でんき,,g1,TRUE
0101H01,マルマイン,60,50,70,80,80,150,ヒスイのすがた,でんき,くさ,arceus,TRUE
0101N01,マルマイン,60,50,70,80,80,150,,でんき,,g1,TRUE
0102N01,タマタマ,60,40,80,60,45,40,,くさ,エスパー,g1,TRUE
0103A01,ナッシー,95,105,85,125,75,45,アローラのすがた,くさ,ドラゴン,g7,TRUE
0103N01,ナッシー,95,95,85,125,75,55,,くさ,エスパー,g1,TRUE
0104N01,カラカラ,50,50,95,40,50,35,,じめん,,g1,TRUE
0105A01,ガラガラ,60,80,110,50,80,45,アローラのすがた,ほのお,ゴースト,g7,TRUE
0105N01,ガラガラ,60,80,110,50,80,45,,じめん,,g1,TRUE
0106N01,サワムラー,50,120,53,35,110,87,,かくとう,,g1,TRUE
0107N01,エビワラー,50,105,79,35,110,76,,かくとう,,g1,TRUE
0108N01,ベロリンガ,90,55,75,60,75,30,,ノーマル,,g1,TRUE
0109N01,ドガース,40,65,95,60,45,35,,どく,,g1,TRUE
0110G01,マタドガス,65,90,120,85,70,60,ガラルのすがた,どく,フェアリー,g8,TRUE
0110N01,マタドガス,65,90,120,85,70,60,,どく,,g1,TRUE
0111N01,サイホーン,80,85,95,30,30,25,,じめん,いわ,g1,TRUE
0112N01,サイドン,105,130,120,45,45,40,,じめん,いわ,g1,TRUE
0113N01,ラッキー,250,5,5,35,105,50,,ノーマル,,g1,TRUE
0114N01,モンジャラ,65,55,115,100,40,60,,くさ,,g1,TRUE
0115M01,メガガルーラ,105,125,100,60,100,100,,ノーマル,,g6,TRUE
0115N01,ガルーラ,105,95,80,40,80,90,,ノーマル,,g1,TRUE
0116N01,タッツー,30,40,70,70,25,60,,みず,,g1,TRUE
0117N01,シードラ,55,65,95,95,45,85,,みず,,g1,TRUE
0118N01,トサキント,45,67,60,35,50,63,,みず,,g1,TRUE
0119N01,アズマオウ,80,92,65,65,80,68,,みず,,g1,TRUE
0120N01,ヒトデマン,30,45,55,70,55,85,,みず,,g1,TRUE
0121N01,スターミー,60,75,85,100,85,115,,みず,エスパー,g1,TRUE
0122G01,バリヤード,50,65,65,90,90,100,ガラルのすがた,こおり,エスパー,g8,TRUE
0122N01,バリヤード,40,45,65,100,120,90,,エスパー,フェアリー,g1,TRUE
0123N01,ストライク,70,110,80,55,80,105,,むし,ひこう,g1,TRUE
0124N01,ルージュラ,65,50,35,115,95,95,,こおり,エスパー,g1,TRUE
0125N01,エレブー,65,83,57,95,85,105,,でんき,,g1,TRUE
0126N01,ブーバー,65,95,57,100,85,93,,ほのお,,g1,TRUE
0127M01,メガカイロス,65,155,120,65,90,105,,むし,ひこう,g6,FALSE
0127N01,カイロス,65,125,100,55,70,85,,むし,,g1,TRUE
0128N01,ケンタロス,75,100,95,40,70,110,,ノーマル,,g1,TRUE
0129N01,コイキング,20,10,55,15,20,80,,みず,,g1,TRUE
0130M01,メガギャラドス,95,155,109,70,130,81,,みず,あく,g6,TRUE
0130N01,ギャラドス,95,125,79,60,100,81,,みず,ひこう,g1,TRUE
0131N01,ラプラス,130,85,80,85,95,60,,みず,こおり,g1,TRUE
0132N01,メタモン,48,48,48,48,48,48,,ノーマル,,g1,TRUE
0133N01,イーブイ,55,55,50,45,65,55,,ノーマル,,g1,TRUE
0133N02,イーブイ,65,75,70,65,85,75,相棒,ノーマル,,g7pv,FALSE
0134N01,シャワーズ,130,65,60,110,95,65,,みず,,g1,TRUE
0135N01,サンダース,65,65,60,110,95,130,,でんき,,g1,TRUE
0136N01,ブースター,65,130,60,95,110,65,,ほのお,,g1,TRUE
0137N01,ポリゴン,65,60,70,85,75,40,,ノーマル,,g1,TRUE
0138N01,オムナイト,35,40,100,90,55,35,,いわ,みず,g1,TRUE
0139N01,オムスター,70,60,125,115,70,55,,いわ,みず,g1,TRUE
0140N01,カブト,30,80,90,55,45,55,,いわ,みず,g1,TRUE
0141N01,カブトプス,60,115,105,65,70,80,,いわ,みず,g1,TRUE
0142M01,メガプテラ,80,135,85,70,95,150,,いわ,ひこう,g6,TRUE
0142N01,プテラ,80,105,65,60,75,130,,いわ,ひこう,g1,TRUE
0143N01,カビゴン,160,110,65,65,110,30,,ノーマル,,g1,TRUE
0144G01,フリーザー,90,85,85,125,100,95,ガラルのすがた,エスパー,ひこう,g8,TRUE
0144N01,フリーザー,90,85,100,95,125,85,,こおり,ひこう,g1,TRUE
0145G01,サンダー,90,125,90,85,90,100,ガラルのすがた,かくとう,ひこう,g8,TRUE
0145N01,サンダー,90,90,85,125,90,100,,でんき,ひこう,g1,TRUE
0146G01,ファイヤー,90,85,90,100,125,90,ガラルのすがた,あく,ひこう,g8,TRUE
0146N01,ファイヤー,90,100,90,125,85,90,,ほのお,ひこう,g1,TRUE
0147N01,ミニリュウ,41,64,45,50,50,50,,ドラゴン,,g1,TRUE
0148N01,ハクリュー,61,84,65,70,70,70,,ドラゴン,,g1,TRUE
0149N01,カイリュー,91,134,95,100,100,80,,ドラゴン,ひこう,g1,TRUE
0150M01,メガミュウツーX,106,190,100,154,100,130,,エスパー,かくとう,g6,FALSE
0150M02,メガミュウツーY,106,150,70,194,120,140,,エスパー,,g6,FALSE
0150N01,ミュウツー,106,110,90,154,90,130,,エスパー,,g1,TRUE
0151N01,ミュウ,100,100,100,100,100,100,,エスパー,,g1,TRUE
0152N01,チコリータ,45,49,65,49,65,45,,くさ,,g2,TRUE
0153N01,ベイリーフ,60,62,80,63,80,60,,くさ,,g2,TRUE
0154N01,メガニウム,80,82,100,83,100,80,,くさ,,g2,TRUE
0155N01,ヒノアラシ,39,52,43,60,50,65,,ほのお,,g2,TRUE
0156N01,マグマラシ,58,64,58,80,65,80,,ほのお,,g2,TRUE
0157H01,バクフーン,73,84,78,119,85,95,ヒスイのすがた,ほのお,ゴースト,arceus,TRUE
0157N01,バクフーン,78,84,78,109,85,100,,ほのお,,g2,TRUE
0158N01,ワニノコ,50,65,64,44,48,43,,みず,,g2,TRUE
0159N01,アリゲイツ,65,80,80,59,63,58,,みず,,g2,TRUE
0160N01,オーダイル,85,105,100,79,83,78,,みず,,g2,TRUE
0161N01,オタチ,35,46,34,35,45,20,,ノーマル,,g2,TRUE
0162N01,オオタチ,85,76,64,45,55,90,,ノーマル,,g2,TRUE
0163N01,ホーホー,60,30,30,36,56,50,,ノーマル,ひこう,g2,TRUE
0164N01,ヨルノズク,100,50,50,86,96,70,,ノーマル,ひこう,g2,TRUE
0165N01,レディバ,40,20,30,40,80,55,,むし,ひこう,g2,TRUE
0166N01,レディアン,55,35,50,55,110,85,,むし,ひこう,g2,TRUE
0167N01,イトマル,40,60,40,40,40,30,,むし,どく,g2,TRUE
0168N01,アリアドス,70,90,70,60,70,40,,むし,どく,g2,TRUE
0169N01,クロバット,85,90,80,70,80,130,,どく,ひこう,g2,TRUE
0170N01,チョンチー,75,38,38,56,56,67,,みず,でんき,g2,TRUE
0171N01,ランターン,125,58,58,76,76,67,,みず,でんき,g2,TRUE
0172N01,ピチュー,20,40,15,35,35,60,,でんき,,g2,TRUE
0173N01,ピィ,50,25,28,45,55,15,,フェアリー,,g2,TRUE
0174N01,ププリン,90,30,15,40,20,15,,ノーマル,フェアリー,g2,TRUE
0175N01,トゲピー,35,20,65,40,65,20,,フェアリー,,g2,TRUE
0176N01,トゲチック,55,40,85,80,105,40,,フェアリー,ひこう,g2,TRUE
0177N01,ネイティ,40,50,45,70,45,70,,エスパー,ひこう,g2,TRUE
0178N01,ネイティオ,65,75,70,95,70,95,,エスパー,ひこう,g2,TRUE
0179N01,メリープ,55,40,40,65,45,35,,でんき,,g2,TRUE
0180N01,モココ,70,55,55,80,60,45,,でんき,,g2,TRUE
0181M01,メガデンリュウ,90,95,105,165,110,45,,でんき,ドラゴン,g6,TRUE
0181N01,デンリュウ,90,75,85,115,90,55,,でんき,,g2,TRUE
0182N01,キレイハナ,75,80,95,90,100,50,,くさ,,g2,TRUE
0183N01,マリル,70,20,50,20,50,40,,みず,フェアリー,g2,TRUE
0184N01,マリルリ,100,50,80,60,80,50,,みず,フェアリー,g2,TRUE
0185N01,ウソッキー,70,100,115,30,65,30,,いわ,,g2,TRUE
0186N01,ニョロトノ,90,75,75,90,100,70,,みず,,g2,TRUE
0187N01,ハネッコ,35,35,40,35,55,50,,くさ,ひこう,g2,TRUE
0188N01,ポポッコ,55,45,50,45,65,80,,くさ,ひこう,g2,TRUE
0189N01,ワタッコ,75,55,70,55,95,110,,くさ,ひこう,g2,TRUE
0190N01,エイパム,55,70,55,40,55,85,,ノーマル,,g2,TRUE
0191N01,ヒマナッツ,30,30,30,30,30,30,,くさ,,g2,TRUE
0192N01,キマワリ,75,75,55,105,85,30,,くさ,,g2,TRUE
0193N01,ヤンヤンマ,65,65,45,75,45,95,,むし,ひこう,g2,TRUE
0194N01,ウパー,55,45,45,25,25,15,,みず,じめん,g2,TRUE
0195N01,ヌオー,95,85,85,65,65,35,,みず,じめん,g2,TRUE
0196N01,エーフィ,65,65,60,130,95,110,,エスパー,,g2,TRUE
0197N01,ブラッキー,95,65,110,60,130,65,,あく,,g2,TRUE
0198N01,ヤミカラス,60,85,42,85,42,91,,あく,ひこう,g2,TRUE
0199G01,ヤドキング,95,65,80,110,110,30,ガラルのすがた,どく,エスパー,g8,TRUE
0199N01,ヤドキング,95,75,80,100,110,30,,みず,エスパー,g2,TRUE
0200N01,ムウマ,60,60,60,85,85,85,,ゴースト,,g2,TRUE
0201N01,アンノーン,48,72,48,72,48,48,,エスパー,,g2,TRUE
0202N01,ソーナンス,190,33,58,33,58,33,,エスパー,,g2,TRUE
0203N01,キリンリキ,70,80,65,90,65,85,,ノーマル,エスパー,g2,TRUE
0204N01,クヌギダマ,50,65,90,35,35,15,,むし,,g2,TRUE
0205N01,フォレトス,75,90,140,60,60,40,,むし,はがね,g2,TRUE
0206N01,ノコッチ,100,70,70,65,65,45,,ノーマル,,g2,TRUE
0207N01,グライガー,65,75,105,35,65,85,,じめん,ひこう,g2,TRUE
0208M01,メガハガネール,75,125,230,55,95,30,,はがね,じめん,g6orac,TRUE
0208N01,ハガネール,75,85,200,55,65,30,,はがね,じめん,g2,TRUE
0209N01,ブルー,60,80,50,40,40,30,,フェアリー,,g2,TRUE
0210N01,グランブル,90,120,75,60,60,45,,フェアリー,,g2,TRUE
0211H01,ハリーセン,65,95,85,55,55,85,ヒスイのすがた,あく,どく,arceus,TRUE
0211N01,ハリーセン,65,95,85,55,55,85,,みず,どく,g2,TRUE
0212M01,メガハッサム,70,150,140,65,100,75,,むし,はがね,g6,TRUE
0212N01,ハッサム,70,130,100,55,80,65,,むし,はがね,g2,TRUE
0213N01,ツボツボ,20,10,230,10,230,5,,むし,いわ,g2,TRUE
0214M01,メガヘラクロス,80,185,115,40,105,75,,むし,かくとう,g6,FALSE
0214N01,ヘラクロス,80,125,75,40,95,85,,むし,かくとう,g2,TRUE
0215H01,ニューラ,55,95,55,35,75,115,ヒスイのすがた,かくとう,どく,arceus,TRUE
0215N01,ニューラ,55,95,55,35,75,115,,あく,こおり,g2,TRUE
0216N01,ヒメグマ,60,80,50,50,50,40,,ノーマル,,g2,TRUE
0217N01,リングマ,90,130,75,75,75,55,,ノーマル,,g2,TRUE
0218N01,マグマッグ,40,40,40,70,40,20,,ほのお,,g2,TRUE
0219N01,マグカルゴ,60,50,120,90,80,30,,ほのお,いわ,g2,TRUE
0220N01,ウリムー,50,50,40,30,30,50,,こおり,じめん,g2,TRUE
0221N01,イノムー,100,100,80,60,60,50,,こおり,じめん,g2,TRUE
0222G01,サニーゴ,60,55,100,65,100,30,ガラルのすがた,ゴースト,,g8,TRUE
0222N01,サニーゴ,65,55,95,65,95,35,,みず,いわ,g2,TRUE
0223N01,テッポウオ,35,65,35,65,35,65,,みず,,g2,TRUE
0224N01,オクタン,75,105,75,105,75,45,,みず,,g2,TRUE
0225N01,デリバード,45,55,45,65,45,75,,こおり,ひこう,g2,TRUE
0226N01,マンタイン,85,40,70,80,140,70,,みず,ひこう,g2,TRUE
0227N01,エアームド,65,80,140,40,70,70,,はがね,ひこう,g2,TRUE
0228N01,デルビル,45,60,30,80,50,65,,あく,ほのお,g2,TRUE
0229M01,メガヘルガー,75,90,90,140,90,115,,あく,ほのお,g6,TRUE
0229N01,ヘルガー,75,90,50,110,80,95,,あく,ほのお,g2,TRUE
0230N01,キングドラ,75,95,95,95,95,85,,みず,ドラゴン,g2,TRUE
0231N01,ゴマゾウ,90,60,60,40,40,40,,じめん,,g2,TRUE
0232N01,ドンファン,90,120,120,60,60,50,,じめん,,g2,TRUE
0233N01,ポリゴン2,85,80,90,105,95,60,,ノーマル,,g2,TRUE
0234N01,オドシシ,73,95,62,85,65,85,,ノーマル,,g2,TRUE
0235N01,ドーブル,55,20,35,20,45,75,,ノーマル,,g2,TRUE
0236N01,バルキー,35,35,35,35,35,35,,かくとう,,g2,TRUE
0237N01,カポエラー,50,95,95,35,110,70,,かくとう,,g2,TRUE
0238N01,ムチュール,45,30,15,85,65,65,,こおり,エスパー,g2,TRUE
0239N01,エレキッド,45,63,37,65,55,95,,でんき,,g2,TRUE
0240N01,ブビィ,45,75,37,70,55,83,,ほのお,,g2,TRUE
0241N01,ミルタンク,95,80,105,40,70,100,,ノーマル,,g2,TRUE
0242N01,ハピナス,255,10,10,75,135,55,,ノーマル,,g2,TRUE
0243N01,ライコウ,90,85,75,115,100,115,,でんき,,g2,TRUE
0244N01,エンテイ,115,115,85,90,75,100,,ほのお,,g2,TRUE
0245N01,スイクン,100,75,115,90,115,85,,みず,,g2,TRUE
0246N01,ヨーギラス,50,64,50,45,50,41,,いわ,じめん,g2,TRUE
0247N01,サナギラス,70,84,70,65,70,51,,いわ,じめん,g2,TRUE
0248M01,メガバンギラス,100,164,150,95,120,71,,いわ,あく,g6,FALSE
0248N01,バンギラス,100,134,110,95,100,61,,いわ,あく,g2,TRUE
0249N01,ルギア,106,90,130,90,154,110,,エスパー,ひこう,g2,TRUE
0250N01,ホウオウ,106,130,90,110,154,90,,ほのお,ひこう,g2,TRUE
0251N01,セレビィ,100,100,100,100,100,100,,エスパー,くさ,g2,TRUE
0252N01,キモリ,40,45,35,65,55,70,,くさ,,g3,TRUE
0253N01,ジュプトル,50,65,45,85,65,95,,くさ,,g3,TRUE
0254M01,メガジュカイン,70,110,75,145,85,145,,くさ,ドラゴン,g6orac,FALSE
0254N01,ジュカイン,70,85,65,105,85,120,,くさ,,g3,TRUE
0255N01,アチャモ,45,60,40,70,50,45,,ほのお,,g3,TRUE
0256N01,ワカシャモ,60,85,60,85,60,55,,ほのお,かくとう,g3,TRUE
0257M01,メガバシャーモ,80,160,80,130,80,100,,ほのお,かくとう,g6,FALSE
0257N01,バシャーモ,80,120,70,110,70,80,,ほのお,かくとう,g3,TRUE
0258N01,ミズゴロウ,50,70,50,50,50,40,,みず,,g3,TRUE
0259N01,ヌマクロー,70,85,70,60,70,50,,みず,じめん,g3,TRUE
0260M01,メガラグラージ,100,150,110,95,110,70,,みず,じめん,g6orac,FALSE
0260N01,ラグラージ,100,110,90,85,90,60,,みず,じめん,g3,TRUE
0261N01,ポチエナ,35,55,35,30,30,35,,あく,,g3,TRUE
0262N01,グラエナ,70,90,70,60,60,70,,あく,,g3,TRUE
0263G01,ジグザグマ,38,30,41,30,41,60,ガラルのすがた,あく,ノーマル,g8,TRUE
0263N01,ジグザグマ,38,30,41,30,41,60,,ノーマル,,g3,TRUE
0264G01,マッスグマ,78,70,61,50,61,100,ガラルのすがた,あく,ノーマル,g8,TRUE
0264N01,マッスグマ,78,70,61,50,61,100,,ノーマル,,g3,TRUE
0265N01,ケムッソ,45,45,35,20,30,20,,むし,,g3,TRUE
0266N01,カラサリス,50,35,55,25,25,15,,むし,,g3,TRUE
0267N01,アゲハント,60,70,50,100,50,65,,むし,ひこう,g3,TRUE
0268N01,マユルド,50,35,55,25,25,15,,むし,,g3,TRUE
0269N01,ドクケイル,60,50,70,50,90,65,,むし,どく,g3,TRUE
0270N01,ハスボー,40,30,30,40,50,30,,みず,くさ,g3,TRUE
0271N01,ハスブレロ,60,50,50,60,70,50,,みず,くさ,g3,TRUE
0272N01,ルンパッパ,80,70,70,90,100,70,,みず,くさ,g3,TRUE
0273N01,タネボー,40,40,50,30,30,30,,くさ,,g3,TRUE
0274N01,コノハナ,70,70,40,60,40,60,,くさ,あく,g3,TRUE
0275N01,ダーテング,90,100,60,90,60,80,,くさ,あく,g3,TRUE
0276N01,スバメ,40,55,30,30,30,85,,ノーマル,ひこう,g3,TRUE
0277N01,オオスバメ,60,85,60,75,50,125,,ノーマル,ひこう,g3,TRUE
0278N01,キャモメ,40,30,30,55,30,85,,みず,ひこう,g3,TRUE
0279N01,ペリッパー,60,50,100,95,70,65,,みず,ひこう,g3,TRUE
0280N01,ラルトス,28,25,25,45,35,40,,エスパー,フェアリー,g3,TRUE
0281N01,キルリア,38,35,35,65,55,50,,エスパー,フェアリー,g3,TRUE
0282M01,メガサーナイト,68,85,65,165,135,100,,エスパー,フェアリー,g6,FALSE
0282N01,サーナイト,68,65,65,125,115,80,,エスパー,フェアリー,g3,TRUE
0283N01,アメタマ,40,30,32,50,52,65,,むし,みず,g3,TRUE
0284N01,アメモース,70,60,62,100,82,80,,むし,ひこう,g3,TRUE
0285N01,キノココ,60,40,60,40,60,35,,くさ,,g3,TRUE
0286N01,キノガッサ,60,130,80,60,60,70,,くさ,かくとう,g3,TRUE
0287N01,ナマケロ,60,60,60,35,35,30,,ノーマル,,g3,TRUE
0288N01,ヤルキモノ,80,80,80,55,55,90,,ノーマル,,g3,TRUE
0289N01,ケッキング,150,160,100,95,65,100,,ノーマル,,g3,TRUE
0290N01,ツチニン,31,45,90,30,30,40,,むし,じめん,g3,TRUE
0291N01,テッカニン,61,90,45,50,50,160,,むし,ひこう,g3,TRUE
0292N01,ヌケニン,1,90,45,30,30,40,,むし,ゴースト,g3,TRUE
0293N01,ゴニョニョ,64,51,23,51,23,28,,ノーマル,,g3,TRUE
0294N01,ドゴーム,84,71,43,71,43,48,,ノーマル,,g3,TRUE
0295N01,バクオング,104,91,63,91,73,68,,ノーマル,,g3,TRUE
0296N01,マクノシタ,72,60,30,20,30,25,,かくとう,,g3,TRUE
0297N01,ハリテヤマ,144,120,60,40,60,50,,かくとう,,g3,TRUE
0298N01,ルリリ,50,20,40,20,40,20,,ノーマル,フェアリー,g3,TRUE
0299N01,ノズパス,30,45,135,45,90,30,,いわ,,g3,TRUE
0300N01,エネコ,50,45,45,35,35,50,,ノーマル,,g3,TRUE
0301N01,エネコロロ,70,65,65,55,55,90,,ノーマル,,g3,TRUE
0302M01,メガヤミラミ,50,85,125,85,115,20,,あく,ゴースト,g6orac,FALSE
0302N01,ヤミラミ,50,75,75,65,65,50,,あく,ゴースト,g3,TRUE
0303M01,メガクチート,50,105,125,55,95,50,,はがね,フェアリー,g6,FALSE
0303N01,クチート,50,85,85,55,55,50,,はがね,フェアリー,g3,TRUE
0304N01,ココドラ,50,70,100,40,40,30,,はがね,いわ,g3,TRUE
0305N01,コドラ,60,90,140,50,50,40,,はがね,いわ,g3,TRUE
0306M01,メガボスゴドラ,70,140,230,60,80,50,,はがね,,g6,TRUE
0306N01,ボスゴドラ,70,110,180,60,60,50,,はがね,いわ,g3,TRUE
0307N01,アサナン,30,40,55,40,55,60,,かくとう,エスパー,g3,TRUE
0308M01,メガチャーレム,60,100,85,80,85,100,,かくとう,エスパー,g6,FALSE
0308N01,チャーレム,60,60,75,60,75,80,,かくとう,エスパー,g3,TRUE
0309N01,ラクライ,40,45,40,65,40,65,,でんき,,g3,TRUE
0310M01,メガライボルト,70,75,80,135,80,135,,でんき,,g6,TRUE
0310N01,ライボルト,70,75,60,105,60,105,,でんき,,g3,TRUE
0311N01,プラスル,60,50,40,85,75,95,,でんき,,g3,TRUE
0312N01,マイナン,60,40,50,75,85,95,,でんき,,g3,TRUE
0313N01,バルビート,65,73,75,47,85,85,,むし,,g3,TRUE
0314N01,イルミーゼ,65,47,75,73,85,85,,むし,,g3,TRUE
0315N01,ロゼリア,50,60,45,100,80,65,,くさ,どく,g3,TRUE
0316N01,ゴクリン,70,43,53,43,53,40,,どく,,g3,TRUE
0317N01,マルノーム,100,73,83,73,83,55,,どく,,g3,TRUE
0318N01,キバニア,45,90,20,65,20,65,,みず,あく,g3,TRUE
0319M01,メガサメハダー,70,140,70,110,65,105,,みず,あく,g6orac,FALSE
0319N01,サメハダー,70,120,40,95,40,95,,みず,あく,g3,TRUE
0320N01,ホエルコ,130,70,35,70,35,60,,みず,,g3,TRUE
0321N01,ホエルオー,170,90,45,90,45,60,,みず,,g3,TRUE
0322N01,ドンメル,60,60,40,65,45,35,,ほのお,じめん,g3,TRUE
0323M01,メガバクーダ,70,120,100,145,105,20,,ほのお,じめん,g6orac,FALSE
0323N01,バクーダ,70,100,70,105,75,40,,ほのお,じめん,g3,TRUE
0324N01,コータス,70,85,140,85,70,20,,ほのお,,g3,TRUE
0325N01,バネブー,60,25,35,70,80,60,,エスパー,,g3,TRUE
0326N01,ブーピッグ,80,45,65,90,110,80,,エスパー,,g3,TRUE
0327N01,パッチール,60,60,60,60,60,60,,ノーマル,,g3,TRUE
0328N01,ナックラー,45,100,45,45,45,10,,じめん,,g3,TRUE
0329N01,ビブラーバ,50,70,50,50,50,70,,じめん,ドラゴン,g3,TRUE
0330N01,フライゴン,80,100,80,80,80,100,,じめん,ドラゴン,g3,TRUE
0331N01,サボネア,50,85,40,85,40,35,,くさ,,g3,TRUE
0332N01,ノクタス,70,115,60,115,60,55,,くさ,あく,g3,TRUE
0333N01,チルット,45,40,60,40,75,50,,ノーマル,ひこう,g3,TRUE
0334M01,メガチルタリス,75,110,110,110,105,80,,ドラゴン,フェアリー,g6orac,TRUE
0334N01,チルタリス,75,70,90,70,105,80,,ドラゴン,ひこう,g3,TRUE
0335N01,ザングース,73,115,60,60,60,90,,ノーマル,,g3,TRUE
0336N01,ハブネーク,73,100,60,100,60,65,,どく,,g3,TRUE
0337N01,ルナトーン,90,55,65,95,85,70,,いわ,エスパー,g3,TRUE
0338N01,ソルロック,90,95,85,55,65,70,,いわ,エスパー,g3,TRUE
0339N01,ドジョッチ,50,48,43,46,41,60,,みず,じめん,g3,TRUE
0340N01,ナマズン,110,78,73,76,71,60,,みず,じめん,g3,TRUE
0341N01,ヘイガニ,43,80,65,50,35,35,,みず,,g3,TRUE
0342N01,シザリガー,63,120,85,90,55,55,,みず,あく,g3,TRUE
0343N01,ヤジロン,40,40,55,40,70,55,,じめん,エスパー,g3,TRUE
0344N01,ネンドール,60,70,105,70,120,75,,じめん,エスパー,g3,TRUE
0345N01,リリーラ,66,41,77,61,87,23,,いわ,くさ,g3,TRUE
0346N01,ユレイドル,86,81,97,81,107,43,,いわ,くさ,g3,TRUE
0347N01,アノプス,45,95,50,40,50,75,,いわ,むし,g3,TRUE
0348N01,アーマルド,75,125,100,70,80,45,,いわ,むし,g3,TRUE
0349N01,ヒンバス,20,15,20,10,55,80,,みず,,g3,TRUE
0350N01,ミロカロス,95,60,79,100,125,81,,みず,,g3,TRUE
0351N01,ポワルン,70,70,70,70,70,70,,ノーマル,,g3,TRUE
0351N02,ポワルン,70,70,70,70,70,70,(たいようのすがた),ほのお,,g3,TRUE
0351N03,ポワルン,70,70,70,70,70,70,(あまみずのすがた),みず,,g3,TRUE
0351N04,ポワルン,70,70,70,70,70,70,(ゆきぐものすがた),こおり,,g3,TRUE
0352N01,カクレオン,60,90,70,60,120,40,,ノーマル,,g3,FALSE
0353N01,カゲボウズ,44,75,35,63,33,45,,ゴースト,,g3,TRUE
0354M01,メガジュペッタ,64,165,75,93,83,75,,ゴースト,,g6,TRUE
0354N01,ジュペッタ,64,115,65,83,63,65,,ゴースト,,g3,TRUE
0355N01,ヨマワル,20,40,90,30,90,25,,ゴースト,,g3,TRUE
0356N01,サマヨール,40,70,130,60,130,25,,ゴースト,,g3,TRUE
0357N01,トロピウス,99,68,83,72,87,51,,くさ,ひこう,g3,TRUE
0358N01,チリーン,75,50,80,95,90,65,,エスパー,,g3,TRUE
0359M01,メガアブソル,65,150,60,115,60,115,,あく,,g6,TRUE
0359N01,アブソル,65,130,60,75,60,75,,あく,,g3,TRUE
0360N01,ソーナノ,95,23,48,23,48,23,,エスパー,,g3,TRUE
0361N01,ユキワラシ,50,50,50,50,50,50,,こおり,,g3,TRUE
0362M01,メガオニゴーリ,80,120,80,120,80,100,,こおり,,g6orac,FALSE
0362N01,オニゴーリ,80,80,80,80,80,80,,こおり,,g3,TRUE
0363N01,タマザラシ,70,40,50,55,50,25,,こおり,みず,g3,TRUE
0364N01,トドグラー,90,60,70,75,70,45,,こおり,みず,g3,TRUE
0365N01,トドゼルガ,110,80,90,95,90,65,,こおり,みず,g3,TRUE
0366N01,パールル,35,64,85,74,55,32,,みず,,g3,TRUE
0367N01,ハンテール,55,104,105,94,75,52,,みず,,g3,TRUE
0368N01,サクラビス,55,84,105,114,75,52,,みず,,g3,TRUE
0369N01,ジーランス,100,90,130,45,65,55,,みず,いわ,g3,TRUE
0370N01,ラブカス,43,30,55,40,65,97,,みず,,g3,TRUE
0371N01,タツベイ,45,75,60,40,30,50,,ドラゴン,,g3,TRUE
0372N01,コモルー,65,95,100,60,50,50,,ドラゴン,,g3,TRUE
0373M01,メガボーマンダ,95,145,130,120,90,120,,ドラゴン,ひこう,g6orac,FALSE
0373N01,ボーマンダ,95,135,80,110,80,100,,ドラゴン,ひこう,g3,TRUE
0374N01,ダンバル,40,55,80,35,60,30,,はがね,エスパー,g3,TRUE
0375N01,メタング,60,75,100,55,80,50,,はがね,エスパー,g3,TRUE
0376M01,メガメタグロス,80,145,150,105,110,110,,はがね,エスパー,g6orac,FALSE
0376N01,メタグロス,80,135,130,95,90,70,,はがね,エスパー,g3,TRUE
0377N01,レジロック,80,100,200,50,100,50,,いわ,,g3,TRUE
0378N01,レジアイス,80,50,100,100,200,50,,こおり,,g3,TRUE
0379N01,レジスチル,80,75,150,75,150,50,,はがね,,g3,TRUE
0380M01,メガラティアス,80,100,120,140,150,110,,ドラゴン,エスパー,g6orac,TRUE
0380N01,ラティアス,80,80,90,110,130,110,,ドラゴン,エスパー,g3,TRUE
0381M01,メガラティオス,80,130,100,160,120,110,,ドラゴン,エスパー,g6orac,TRUE
0381N01,ラティオス,80,90,80,130,110,110,,ドラゴン,エスパー,g3,TRUE
0382N01,カイオーガ,100,100,90,150,140,90,,みず,,g3,TRUE
0382N02,ゲンシカイオーガ,100,150,90,180,160,90,,みず,,g6orac,TRUE
0383N01,グラードン,100,150,140,100,90,90,,じめん,,g3,TRUE
0383N02,ゲンシグラードン,100,180,160,150,90,90,,じめん,ほのお,g6orac,TRUE
0384M01,メガレックウザ,105,180,100,180,100,115,,ドラゴン,ひこう,g6orac,FALSE
0384N01,レックウザ,105,150,90,150,90,95,,ドラゴン,ひこう,g3,TRUE
0385N01,ジラーチ,100,100,100,100,100,100,,はがね,エスパー,g3,TRUE
0386N01,デオキシス,50,150,50,150,50,150,ノーマルフォルム,エスパー,,g3,TRUE
0386N02,デオキシス,50,180,20,180,20,150,アタックフォルム,エスパー,,g3,TRUE
0386N03,デオキシス,50,70,160,70,160,90,ディフェンスフォルム,エスパー,,g3,TRUE
0386N04,デオキシス,50,95,90,95,90,180,スピードフォルム,エスパー,,g3,TRUE
0387N01,ナエトル,55,68,64,45,55,31,,くさ,,g4,TRUE
0388N01,ハヤシガメ,75,89,85,55,65,36,,くさ,,g4,TRUE
0389N01,ドダイトス,95,109,105,75,85,56,,くさ,じめん,g4,TRUE
0390N01,ヒコザル,44,58,44,58,44,61,,ほのお,,g4,TRUE
0391N01,モウカザル,64,78,52,78,52,81,,ほのお,かくとう,g4,TRUE
0392N01,ゴウカザル,76,104,71,104,71,108,,ほのお,かくとう,g4,TRUE
0393N01,ポッチャマ,53,51,53,61,56,40,,みず,,g4,TRUE
0394N01,ポッタイシ,64,66,68,81,76,50,,みず,,g4,TRUE
0395N01,エンペルト,84,86,88,111,101,60,,みず,はがね,g4,TRUE
0396N01,ムックル,40,55,30,30,30,60,,ノーマル,ひこう,g4,TRUE
0397N01,ムクバード,55,75,50,40,40,80,,ノーマル,ひこう,g4,TRUE
0398N01,ムクホーク,85,120,70,50,60,100,,ノーマル,ひこう,g4,TRUE
0399N01,ビッパ,59,45,40,35,40,31,,ノーマル,,g4,TRUE
0400N01,ビーダル,79,85,60,55,60,71,,ノーマル,みず,g4,TRUE
0401N01,コロボーシ,37,25,41,25,41,25,,むし,,g4,TRUE
0402N01,コロトック,77,85,51,55,51,65,,むし,,g4,TRUE
0403N01,コリンク,45,65,34,40,34,45,,でんき,,g4,TRUE
0404N01,ルクシオ,60,85,49,60,49,60,,でんき,,g4,TRUE
0405N01,レントラー,80,120,79,95,79,70,,でんき,,g4,TRUE
0406N01,スボミー,40,30,35,50,70,55,,くさ,どく,g4,TRUE
0407N01,ロズレイド,60,70,65,125,105,90,,くさ,どく,g4,TRUE
0408N01,ズガイドス,67,125,40,30,30,58,,いわ,,g4,TRUE
0409N01,ラムパルド,97,165,60,65,50,58,,いわ,,g4,TRUE
0410N01,タテトプス,30,42,118,42,88,30,,いわ,はがね,g4,TRUE
0411N01,トリデプス,60,52,168,47,138,30,,いわ,はがね,g4,TRUE
0412N01,ミノムッチ,40,29,45,29,45,36,,むし,,g4,TRUE
0413N01,ミノマダム,60,59,85,79,105,36,くさきのミノ,むし,くさ,g4,TRUE
0413N02,ミノマダム,60,79,105,59,85,36,すなちのミノ,むし,じめん,g4,TRUE
0413N03,ミノマダム,60,69,95,69,95,36,ゴミのミノ,むし,はがね,g4,TRUE
0414N01,ガーメイル,70,94,50,94,50,66,,むし,ひこう,g4,TRUE
0415N01,ミツハニー,30,30,42,30,42,70,,むし,ひこう,g4,TRUE
0416N01,ビークイン,70,80,102,80,102,40,,むし,ひこう,g4,TRUE
0417N01,パチリス,60,45,70,45,90,95,,でんき,,g4,TRUE
0418N01,ブイゼル,55,65,35,60,30,85,,みず,,g4,TRUE
0419N01,フローゼル,85,105,55,85,50,115,,みず,,g4,TRUE
0420N01,チェリンボ,45,35,45,62,53,35,,くさ,,g4,TRUE
0421N01,チェリム,70,60,70,87,78,85,,くさ,,g4,TRUE
0422N01,カラナクシ,76,48,48,57,62,34,,みず,,g4,TRUE
0423N01,トリトドン,111,83,68,92,82,39,,みず,じめん,g4,TRUE
0424N01,エテボース,75,100,66,60,66,115,,ノーマル,,g4,TRUE
0425N01,フワンテ,90,50,34,60,44,70,,ゴースト,ひこう,g4,TRUE
0426N01,フワライド,150,80,44,90,54,80,,ゴースト,ひこう,g4,TRUE
0427N01,ミミロル,55,66,44,44,56,85,,ノーマル,,g4,TRUE
0428M01,メガミミロップ,65,136,94,54,96,135,,ノーマル,かくとう,g6orac,TRUE
0428N01,ミミロップ,65,76,84,54,96,105,,ノーマル,,g4,TRUE
0429N01,ムウマージ,60,60,60,105,105,105,,ゴースト,,g4,TRUE
0430N01,ドンカラス,100,125,52,105,52,71,,あく,ひこう,g4,TRUE
0431N01,ニャルマー,49,55,42,42,37,85,,ノーマル,,g4,TRUE
0432N01,ブニャット,71,82,64,64,59,112,,ノーマル,,g4,TRUE
0433N01,リーシャン,45,30,50,65,50,45,,エスパー,,g4,TRUE
0434N01,スカンプー,63,63,47,41,41,74,,どく,あく,g4,TRUE
0435N01,スカタンク,103,93,67,71,61,84,,どく,あく,g4,TRUE
0436N01,ドーミラー,57,24,86,24,86,23,,はがね,エスパー,g4,TRUE
0437N01,ドータクン,67,89,116,79,116,33,,はがね,エスパー,g4,TRUE
0438N01,ウソハチ,50,80,95,10,45,10,,いわ,,g4,TRUE
0439N01,マネネ,20,25,45,70,90,60,,エスパー,フェアリー,g4,TRUE
0440N01,ピンプク,100,5,5,15,65,30,,ノーマル,,g4,TRUE
0441N01,ペラップ,76,65,45,92,42,91,,ノーマル,ひこう,g4,TRUE
0442N01,ミカルゲ,50,92,108,92,108,35,,ゴースト,あく,g4,TRUE
0443N01,フカマル,58,70,45,40,45,42,,ドラゴン,じめん,g4,TRUE
0444N01,ガバイト,68,90,65,50,55,82,,ドラゴン,じめん,g4,TRUE
0445M01,メガガブリアス,108,170,115,120,95,92,,ドラゴン,じめん,g6,FALSE
0445N01,ガブリアス,108,130,95,80,85,102,,ドラゴン,じめん,g4,TRUE
0446N01,ゴンベ,135,85,40,40,85,5,,ノーマル,,g4,TRUE
0447N01,リオル,40,70,40,35,40,60,,かくとう,,g4,TRUE
0448M01,メガルカリオ,70,145,88,140,70,112,,かくとう,はがね,g6,FALSE
0448N01,ルカリオ,70,110,70,115,70,90,,かくとう,はがね,g4,TRUE
0449N01,ヒポポタス,68,72,78,38,42,32,,じめん,,g4,TRUE
0450N01,カバルドン,108,112,118,68,72,47,,じめん,,g4,TRUE
0451N01,スコルピ,40,50,90,30,55,65,,どく,むし,g4,TRUE
0452N01,ドラピオン,70,90,110,60,75,95,,どく,あく,g4,TRUE
0453N01,グレッグル,48,61,40,61,40,50,,どく,かくとう,g4,TRUE
0454N01,ドクロッグ,83,106,65,86,65,85,,どく,かくとう,g4,TRUE
0455N01,マスキッパ,74,100,72,90,72,46,,くさ,,g4,TRUE
0456N01,ケイコウオ,49,49,56,49,61,66,,みず,,g4,TRUE
0457N01,ネオラント,69,69,76,69,86,91,,みず,,g4,TRUE
0458N01,タマンタ,45,20,50,60,120,50,,みず,ひこう,g4,TRUE
0459N01,ユキカブリ,60,62,50,62,60,40,,くさ,こおり,g4,TRUE
0460M01,メガユキノオー,90,132,105,132,105,30,,くさ,こおり,g6,TRUE
0460N01,ユキノオー,90,92,75,92,85,60,,くさ,こおり,g4,TRUE
0461N01,マニューラ,70,120,65,45,85,125,,あく,こおり,g4,TRUE
0462N01,ジバコイル,70,70,115,130,90,60,,でんき,はがね,g4,TRUE
0463N01,ベロベルト,110,85,95,80,95,50,,ノーマル,,g4,TRUE
0464N01,ドサイドン,115,140,130,55,55,40,,じめん,いわ,g4,TRUE
0465N01,モジャンボ,100,100,125,110,50,50,,くさ,,g4,TRUE
0466N01,エレキブル,75,123,67,95,85,95,,でんき,,g4,TRUE
0467N01,ブーバーン,75,95,67,125,95,83,,ほのお,,g4,TRUE
0468N01,トゲキッス,85,50,95,120,115,80,,フェアリー,ひこう,g4,TRUE
0469N01,メガヤンマ,86,76,86,116,56,95,,むし,ひこう,g4,TRUE
0470N01,リーフィア,65,110,130,60,65,95,,くさ,,g4,TRUE
0471N01,グレイシア,65,60,110,130,95,65,,こおり,,g4,TRUE
0472N01,グライオン,75,95,125,45,75,95,,じめん,ひこう,g4,TRUE
0473N01,マンムー,110,130,80,70,60,80,,こおり,じめん,g4,TRUE
0474N01,ポリゴンZ,85,80,70,135,75,90,,ノーマル,,g4,TRUE
0475M01,メガエルレイド,68,165,95,65,115,110,,エスパー,かくとう,g6orac,FALSE
0475N01,エルレイド,68,125,65,65,115,80,,エスパー,かくとう,g4,TRUE
0476N01,ダイノーズ,60,55,145,75,150,40,,いわ,はがね,g4,TRUE
0477N01,ヨノワール,45,100,135,65,135,45,,ゴースト,,g4,TRUE
0478N01,ユキメノコ,70,80,70,80,70,110,,こおり,ゴースト,g4,TRUE
0479N01,ロトム,50,50,77,95,77,91,,でんき,ゴースト,g4,TRUE
0479N02,ロトム,50,65,107,105,107,86,ヒートロトム,でんき,ほのお,g4,FALSE
0479N03,ロトム,50,65,107,105,107,86,ウォッシュロトム,でんき,みず,g4,TRUE
0479N04,ロトム,50,65,107,105,107,86,フロストロトム,でんき,こおり,g4,FALSE
0479N05,ロトム,50,65,107,105,107,86,スピンロトム,でんき,ひこう,g4,FALSE
0479N06,ロトム,50,65,107,105,107,86,カットロトム,でんき,くさ,g4,TRUE
0480N01,ユクシー,75,75,130,75,130,95,,エスパー,,g4,TRUE
0481N01,エムリット,80,105,105,105,105,80,,エスパー,,g4,TRUE
0482N01,アグノム,75,125,70,125,70,115,,エスパー,,g4,TRUE
0483N01,ディアルガ,100,120,120,150,100,90,,はがね,ドラゴン,g4,TRUE
0483N02,ディアルガ,100,100,120,150,120,90,オリジンフォルム,はがね,ドラゴン,arceus,TRUE
0484N01,パルキア,90,120,100,150,120,100,,みず,ドラゴン,g4,TRUE
0484N02,パルキア,90,100,100,150,120,120,オリジンフォルム,みず,ドラゴン,arceus,TRUE
0485N01,ヒードラン,91,90,106,130,106,77,,ほのお,はがね,g4,TRUE
0486N01,レジギガス,110,160,110,80,110,100,,ノーマル,,g4,TRUE
0487N01,ギラティナ,150,100,120,100,120,90,アナザーフォルム,ゴースト,ドラゴン,g4,TRUE
0487N02,ギラティナ,150,120,100,120,100,90,オリジンフォルム,ゴースト,ドラゴン,g4,TRUE
0488N01,クレセリア,120,70,120,75,130,85,,エスパー,,g4,TRUE
0489N01,フィオネ,80,80,80,80,80,80,,みず,,g4,FALSE
0490N01,マナフィ,100,100,100,100,100,100,,みず,,g4,FALSE
0491N01,ダークライ,70,90,90,135,90,125,,あく,,g4,TRUE
0492N01,シェイミ,100,100,100,100,100,100,ランドフォルム,くさ,,g4,TRUE
0492N02,シェイミ,100,103,75,120,75,127,スカイフォルム,くさ,ひこう,g4,TRUE
0493N01,アルセウス,120,120,120,120,120,120,,ノーマル,,g4,FALSE
0494N01,ビクティニ,100,100,100,100,100,100,,エスパー,ほのお,g5,TRUE
0495N01,ツタージャ,45,45,55,45,55,63,,くさ,,g5,TRUE
0496N01,ジャノビー,60,60,75,60,75,83,,くさ,,g5,TRUE
0497N01,ジャローダ,75,75,95,75,95,113,,くさ,,g5,TRUE
0498N01,ポカブ,65,63,45,45,45,45,,ほのお,,g5,TRUE
0499N01,チャオブー,90,93,55,70,55,55,,ほのお,かくとう,g5,TRUE
0500N01,エンブオー,110,123,65,100,65,65,,ほのお,かくとう,g5,TRUE
0501N01,ミジュマル,55,55,45,63,45,45,,みず,,g5,TRUE
0502N01,フタチマル,75,75,60,83,60,60,,みず,,g5,TRUE
0503H01,ダイケンキ,90,108,80,100,65,85,ヒスイのすがた,みず,あく,arceus,TRUE
0503N01,ダイケンキ,95,100,85,108,70,70,,みず,,g5,TRUE
0504N01,ミネズミ,45,55,39,35,39,42,,ノーマル,,g5,TRUE
0505N01,ミルホッグ,60,85,69,60,69,77,,ノーマル,,g5,TRUE
0506N01,ヨーテリー,45,60,45,25,45,55,,ノーマル,,g5,TRUE
0507N01,ハーデリア,65,80,65,35,65,60,,ノーマル,,g5,TRUE
0508N01,ムーランド,85,110,90,45,90,80,,ノーマル,,g5,TRUE
0509N01,チョロネコ,41,50,37,50,37,66,,あく,,g5,TRUE
0510N01,レパルダス,64,88,50,88,50,106,,あく,,g5,TRUE
0511N01,ヤナップ,50,53,48,53,48,64,,くさ,,g5,TRUE
0512N01,ヤナッキー,75,98,63,98,63,101,,くさ,,g5,TRUE
0513N01,バオップ,50,53,48,53,48,64,,ほのお,,g5,TRUE
0514N01,バオッキー,75,98,63,98,63,101,,ほのお,,g5,TRUE
0515N01,ヒヤップ,50,53,48,53,48,64,,みず,,g5,TRUE
0516N01,ヒヤッキー,75,98,63,98,63,101,,みず,,g5,TRUE
0517N01,ムンナ,76,25,45,67,55,24,,エスパー,,g5,TRUE
0518N01,ムシャーナ,116,55,85,107,95,29,,エスパー,,g5,TRUE
0519N01,マメパト,50,55,50,36,30,43,,ノーマル,ひこう,g5,TRUE
0520N01,ハトーボー,62,77,62,50,42,65,,ノーマル,ひこう,g5,TRUE
0521N01,ケンホロウ,80,115,80,65,55,93,,ノーマル,ひこう,g5,TRUE
0522N01,シママ,45,60,32,50,32,76,,でんき,,g5,TRUE
0523N01,ゼブライカ,75,100,63,80,63,116,,でんき,,g5,TRUE
0524N01,ダンゴロ,55,75,85,25,25,15,,いわ,,g5,TRUE
0525N01,ガントル,70,105,105,50,40,20,,いわ,,g5,TRUE
0526N01,ギガイアス,85,135,130,60,80,25,,いわ,,g5,TRUE
0527N01,コロモリ,65,45,43,55,43,72,,エスパー,ひこう,g5,TRUE
0528N01,ココロモリ,67,57,55,77,55,114,,エスパー,ひこう,g5,TRUE
0529N01,モグリュー,60,85,40,30,45,68,,じめん,,g5,TRUE
0530N01,ドリュウズ,110,135,60,50,65,88,,じめん,はがね,g5,TRUE
0531M01,メガタブンネ,103,60,126,80,126,50,,ノーマル,フェアリー,g6orac,FALSE
0531N01,タブンネ,103,60,86,60,86,50,,ノーマル,,g5,TRUE
0532N01,ドッコラー,75,80,55,25,35,35,,かくとう,,g5,TRUE
0533N01,ドテッコツ,85,105,85,40,50,40,,かくとう,,g5,TRUE
0534N01,ローブシン,105,140,95,55,65,45,,かくとう,,g5,TRUE
0535N01,オタマロ,50,50,40,50,40,64,,みず,,g5,TRUE
0536N01,ガマガル,75,65,55,65,55,69,,みず,じめん,g5,TRUE
0537N01,ガマゲロゲ,105,95,75,85,75,74,,みず,じめん,g5,TRUE
0538N01,ナゲキ,120,100,85,30,85,45,,かくとう,,g5,TRUE
0539N01,ダゲキ,75,125,75,30,75,85,,かくとう,,g5,TRUE
0540N01,クルミル,45,53,70,40,60,42,,むし,くさ,g5,TRUE
0541N01,クルマユ,55,63,90,50,80,42,,むし,くさ,g5,TRUE
0542N01,ハハコモリ,75,103,80,70,80,92,,むし,くさ,g5,TRUE
0543N01,フシデ,30,45,59,30,39,57,,むし,どく,g5,TRUE
0544N01,ホイーガ,40,55,99,40,79,47,,むし,どく,g5,TRUE
0545N01,ペンドラー,60,100,89,55,69,112,,むし,どく,g5,TRUE
0546N01,モンメン,40,27,60,37,50,66,,くさ,フェアリー,g5,TRUE
0547N01,エルフーン,60,67,85,77,75,116,,くさ,フェアリー,g5,TRUE
0548N01,チュリネ,45,35,50,70,50,30,,くさ,,g5,TRUE
0549H01,ドレディア,70,105,75,50,75,105,ヒスイのすがた,くさ,かくとう,arceus,TRUE
0549N01,ドレディア,70,60,75,110,75,90,,くさ,,g5,TRUE
0550N01,バスラオ,70,92,65,80,55,98,あかすじ,みず,,g5,TRUE
0550N02,バスラオ,70,92,65,80,55,98,あおすじ,みず,,g5,TRUE
0550N03,バスラオ,70,92,65,80,55,98,しろすじ,みず,,g5,TRUE
0551N01,メグロコ,50,72,35,35,35,65,,じめん,あく,g5,TRUE
0552N01,ワルビル,60,82,45,45,45,74,,じめん,あく,g5,TRUE
0553N01,ワルビアル,95,117,80,65,70,92,,じめん,あく,g5,TRUE
0554G01,ダルマッカ,70,90,45,15,45,50,ガラルのすがた,こおり,,g8,TRUE
0554N01,ダルマッカ,70,90,45,15,45,50,,ほのお,,g5,TRUE
0555G01,ヒヒダルマ,105,140,55,30,55,95,ガラルのすがた,こおり,,g8,TRUE
0555N01,ヒヒダルマ,105,140,55,30,55,95,,ほのお,,g5,TRUE
0555N02,ヒヒダルマ,105,30,105,140,105,55,ダルマモード,こおり,ほのお,g5,FALSE
0555N03,ヒヒダルマ,105,160,55,30,55,135,ダルマモード(ガラルのすがた),ほのお,エスパー,g8,FALSE
0556N01,マラカッチ,75,86,67,106,67,60,,くさ,,g5,TRUE
0557N01,イシズマイ,50,65,85,35,35,55,,むし,いわ,g5,TRUE
0558N01,イワパレス,70,105,125,65,75,45,,むし,いわ,g5,TRUE
0559N01,ズルッグ,50,75,70,35,70,48,,あく,かくとう,g5,TRUE
0560N01,ズルズキン,65,90,115,45,115,58,,あく,かくとう,g5,TRUE
0561N01,シンボラー,72,58,80,103,80,97,,エスパー,ひこう,g5,TRUE
0562G01,デスマス,38,55,85,30,65,30,ガラルのすがた,じめん,ゴースト,g8,TRUE
0562N01,デスマス,38,30,85,55,65,30,,ゴースト,,g5,TRUE
0563N01,デスカーン,58,50,145,95,105,30,,ゴースト,,g5,TRUE
0564N01,プロトーガ,54,78,103,53,45,22,,みず,いわ,g5,TRUE
0565N01,アバゴーラ,74,108,133,83,65,32,,みず,いわ,g5,TRUE
0566N01,アーケン,55,112,45,74,45,70,,いわ,ひこう,g5,TRUE
0567N01,アーケオス,75,140,65,112,65,110,,いわ,ひこう,g5,TRUE
0568N01,ヤブクロン,50,50,62,40,62,65,,どく,,g5,TRUE
0569N01,ダストダス,80,95,82,60,82,75,,どく,,g5,TRUE
0570H01,ゾロア,35,60,40,85,40,70,ヒスイのすがた,ノーマル,ゴースト,arceus,TRUE
0570N01,ゾロア,40,65,40,80,40,65,,あく,,g5,TRUE
0571H01,ゾロアーク,55,100,60,125,60,110,ヒスイのすがた,ノーマル,ゴースト,arceus,TRUE
0571N01,ゾロアーク,60,105,60,120,60,105,,あく,,g5,TRUE
0572N01,チラーミィ,55,50,40,40,40,75,,ノーマル,,g5,TRUE
0573N01,チラチーノ,75,95,60,65,60,115,,ノーマル,,g5,TRUE
0574N01,ゴチム,45,30,50,55,65,45,,エスパー,,g5,TRUE
0575N01,ゴチミル,60,45,70,75,85,55,,エスパー,,g5,TRUE
0576N01,ゴチルゼル,70,55,95,95,110,65,,エスパー,,g5,TRUE
0577N01,ユニラン,45,30,40,105,50,20,,エスパー,,g5,TRUE
0578N01,ダブラン,65,40,50,125,60,30,,エスパー,,g5,TRUE
0579N01,ランクルス,110,65,75,125,85,30,,エスパー,,g5,TRUE
0580N01,コアルヒー,62,44,50,44,50,55,,みず,ひこう,g5,TRUE
0581N01,スワンナ,75,87,63,87,63,98,,みず,ひこう,g5,TRUE
0582N01,バニプッチ,36,50,50,65,60,44,,こおり,,g5,TRUE
0583N01,バニリッチ,51,65,65,80,75,59,,こおり,,g5,TRUE
0584N01,バイバニラ,71,95,85,110,95,79,,こおり,,g5,TRUE
0585N01,シキジカ,60,60,50,40,50,75,,ノーマル,くさ,g5,TRUE
0586N01,メブキジカ,80,100,70,60,70,95,,ノーマル,くさ,g5,TRUE
0587N01,エモンガ,55,75,60,75,60,103,,でんき,ひこう,g5,TRUE
0588N01,カブルモ,50,75,45,40,45,60,,むし,,g5,TRUE
0589N01,シュバルゴ,70,135,105,60,105,20,,むし,はがね,g5,TRUE
0590N01,タマゲタケ,69,55,45,55,55,15,,くさ,どく,g5,TRUE
0591N01,モロバレル,114,85,70,85,80,30,,くさ,どく,g5,TRUE
0592N01,プルリル,55,40,50,65,85,40,,みず,ゴースト,g5,TRUE
0593N01,ブルンゲル,100,60,70,85,105,60,,みず,ゴースト,g5,TRUE
0594N01,ママンボウ,165,75,80,40,45,65,,みず,,g5,TRUE
0595N01,バチュル,50,47,50,57,50,65,,むし,でんき,g5,TRUE
0596N01,デンチュラ,70,77,60,97,60,108,,むし,でんき,g5,TRUE
0597N01,テッシード,44,50,91,24,86,10,,くさ,はがね,g5,TRUE
0598N01,ナットレイ,74,94,131,54,116,20,,くさ,はがね,g5,TRUE
0599N01,ギアル,40,55,70,45,60,30,,はがね,,g5,TRUE
0600N01,ギギアル,60,80,95,70,85,50,,はがね,,g5,TRUE
0601N01,ギギギアル,60,100,115,70,85,90,,はがね,,g5,TRUE
0602N01,シビシラス,35,55,40,45,40,60,,でんき,,g5,TRUE
0603N01,シビビール,65,85,70,75,70,40,,でんき,,g5,TRUE
0604N01,シビルドン,85,115,80,105,80,50,,でんき,,g5,TRUE
0605N01,リグレー,55,55,55,85,55,30,,エスパー,,g5,TRUE
0606N01,オーベム,75,75,75,125,95,40,,エスパー,,g5,TRUE
0607N01,ヒトモシ,50,30,55,65,55,20,,ゴースト,ほのお,g5,TRUE
0608N01,ランプラー,60,40,60,95,60,55,,ゴースト,ほのお,g5,TRUE
0609N01,シャンデラ,60,55,90,145,90,80,,ゴースト,ほのお,g5,TRUE
0610N01,キバゴ,46,87,60,30,40,57,,ドラゴン,,g5,TRUE
0611N01,オノンド,66,117,70,40,50,67,,ドラゴン,,g5,TRUE
0612N01,オノノクス,76,147,90,60,70,97,,ドラゴン,,g5,TRUE
0613N01,クマシュン,55,70,40,60,40,40,,こおり,,g5,TRUE
0614N01,ツンベアー,95,130,80,70,80,50,,こおり,,g5,TRUE
0615N01,フリージオ,80,50,50,95,135,105,,こおり,,g5,TRUE
0616N01,チョボマキ,50,40,85,40,65,25,,むし,,g5,TRUE
0617N01,アギルダー,80,70,40,100,60,145,,むし,,g5,TRUE
0618G01,マッギョ,109,81,99,66,84,32,ガラルのすがた,じめん,はがね,g8,TRUE
0618N01,マッギョ,109,66,84,81,99,32,,でんき,じめん,g5,TRUE
0619N01,コジョフー,45,85,50,55,50,65,,かくとう,,g5,TRUE
0620N01,コジョンド,65,125,60,95,60,105,,かくとう,,g5,TRUE
0621N01,クリムガン,77,120,90,60,90,48,,ドラゴン,,g5,TRUE
0622N01,ゴビット,59,74,50,35,50,35,,じめん,ゴースト,g5,TRUE
0623N01,ゴルーグ,89,124,80,55,80,55,,じめん,ゴースト,g5,TRUE
0624N01,コマタナ,45,85,70,40,40,60,,あく,はがね,g5,TRUE
0625N01,キリキザン,65,125,100,60,70,70,,あく,はがね,g5,TRUE
0626N01,バッフロン,95,110,95,40,95,55,,ノーマル,,g5,TRUE
0627N01,ワシボン,70,83,50,37,50,60,,ノーマル,ひこう,g5,TRUE
0628H01,ウォーグル,110,83,70,112,70,65,ヒスイのすがた,エスパー,ひこう,arceus,TRUE
0628N01,ウォーグル,100,123,75,57,75,80,,ノーマル,ひこう,g5,TRUE
0629N01,バルチャイ,70,55,75,45,65,60,,あく,ひこう,g5,TRUE
0630N01,バルジーナ,110,65,105,55,95,80,,あく,ひこう,g5,TRUE
0631N01,クイタラン,85,97,66,105,66,65,,ほのお,,g5,TRUE
0632N01,アイアント,58,109,112,48,48,109,,むし,はがね,g5,TRUE
0633N01,モノズ,52,65,50,45,50,38,,あく,ドラゴン,g5,TRUE
0634N01,ジヘッド,72,85,70,65,70,58,,あく,ドラゴン,g5,TRUE
0635N01,サザンドラ,92,105,90,125,90,98,,あく,ドラゴン,g5,TRUE
0636N01,メラルバ,55,85,55,50,55,60,,むし,ほのお,g5,FALSE
0637N01,ウルガモス,85,60,65,135,105,100,,むし,ほのお,g5,FALSE
0638N01,コバルオン,91,90,129,90,72,108,,はがね,かくとう,g5,TRUE
0639N01,テラキオン,91,129,90,72,90,108,,いわ,かくとう,g5,TRUE
0640N01,ビリジオン,91,90,72,90,129,108,,くさ,かくとう,g5,TRUE
0641N01,トルネロス,79,115,70,125,80,111,けしんフォルム,ひこう,,g5,TRUE
0641N02,トルネロス,79,100,80,110,90,121,れいじゅうフォルム,ひこう,,g5,TRUE
0642N01,ボルトロス,79,115,70,125,80,111,けしんフォルム,でんき,ひこう,g5,TRUE
0642N02,ボルトロス,79,105,70,145,80,101,れいじゅうフォルム,でんき,ひこう,g5,TRUE
0643N01,レシラム,100,120,100,150,120,90,,ドラゴン,ほのお,g5,TRUE
0644N01,ゼクロム,100,150,120,120,100,90,,ドラゴン,でんき,g5,TRUE
0645N01,ランドロス,89,125,90,115,80,101,けしんフォルム,じめん,ひこう,g5,TRUE
0645N02,ランドロス,89,145,90,105,80,91,れいじゅうフォルム,じめん,ひこう,g5,TRUE
0646N01,キュレム,125,130,90,130,90,95,,ドラゴン,こおり,g5,TRUE
0646N02,キュレム,125,120,90,170,100,95,ホワイトキュレム,ドラゴン,こおり,g5,FALSE
0646N03,キュレム,125,170,100,120,90,95,ブラックキュレム,ドラゴン,こおり,g5,FALSE
0647N01,ケルディオ,91,72,90,129,90,108,いつものすがた,みず,かくとう,g5,FALSE
0647N02,ケルディオ,91,72,90,129,90,108,かくごのすがた,みず,かくとう,g5,FALSE
0648N01,メロエッタ,100,77,77,128,128,90,ボイスフォルム,ノーマル,エスパー,g5,TRUE
0648N02,メロエッタ,100,128,90,77,77,128,ステップフォルム,ノーマル,かくとう,g5,FALSE
0649N01,ゲノセクト,71,120,95,120,95,99,,むし,はがね,g5,TRUE
0650N01,ハリマロン,56,61,65,48,45,38,,くさ,,g6,TRUE
0651N01,ハリボーグ,61,78,95,56,58,57,,くさ,,g6,TRUE
0652N01,ブリガロン,88,107,122,74,75,64,,くさ,かくとう,g6,TRUE
0653N01,フォッコ,40,45,40,62,60,60,,ほのお,,g6,TRUE
0654N01,テールナー,59,59,58,90,70,73,,ほのお,,g6,TRUE
0655N01,マフォクシー,75,69,72,114,100,104,,ほのお,エスパー,g6,TRUE
0656N01,ケロマツ,41,56,40,62,44,71,,みず,,g6,TRUE
0657N01,ゲコガシラ,54,63,52,83,56,97,,みず,,g6,TRUE
0658N01,ゲッコウガ,72,95,67,103,71,122,,みず,あく,g6,TRUE
0658N02,ゲッコウガ,72,145,67,153,71,132,サトシゲッコウガ,みず,あく,g7,FALSE
0659N01,ホルビー,38,36,38,32,36,57,,ノーマル,,g6,TRUE
0660N01,ホルード,85,56,77,50,77,78,,ノーマル,じめん,g6,TRUE
0661N01,ヤヤコマ,45,50,43,40,38,62,,ノーマル,ひこう,g6,TRUE
0662N01,ヒノヤコマ,62,73,55,56,52,84,,ほのお,ひこう,g6,TRUE
0663N01,ファイアロー,78,81,71,74,69,126,,ほのお,ひこう,g6,TRUE
0664N01,コフキムシ,38,35,40,27,25,35,,むし,,g6,FALSE
0665N01,コフーライ,45,22,60,27,30,29,,むし,,g6,FALSE
0666N01,ビビヨン,80,52,50,90,50,89,,むし,ひこう,g6,FALSE
0667N01,シシコ,62,50,58,73,54,72,,ほのお,ノーマル,g6,TRUE
0668N01,カエンジシ,86,68,72,109,66,106,,ほのお,ノーマル,g6,TRUE
0669N01,フラベベ,44,38,39,61,79,42,,フェアリー,,g6,TRUE
0670N01,フラエッテ,54,45,47,75,98,52,,フェアリー,,g6,TRUE
0671N01,フラージェス,78,65,68,112,154,75,,フェアリー,,g6,TRUE
0672N01,メェークル,66,65,48,62,57,52,,くさ,,g6,FALSE
0673N01,ゴーゴート,123,100,62,97,81,68,,くさ,,g6,FALSE
0674N01,ヤンチャム,67,82,62,46,48,43,,かくとう,,g6,TRUE
0675N01,ゴロンダ,95,124,78,69,71,58,,かくとう,あく,g6,TRUE
0676N01,トリミアン,75,80,60,65,90,102,,ノーマル,,g6,TRUE
0677N01,ニャスパー,62,48,54,63,60,68,,エスパー,,g6,TRUE
0678N01,ニャオニクス,74,48,76,83,81,104,オスのすがた,エスパー,,g6,TRUE
0678N02,ニャオニクス,74,48,76,83,81,104,メスのすがた,エスパー,,g6,TRUE
0679N01,ヒトツキ,45,80,100,35,37,28,,はがね,ゴースト,g6,FALSE
0680N01,ニダンギル,59,110,150,45,49,35,,はがね,ゴースト,g6,FALSE
0681N01,ギルガルド,60,50,140,50,140,60,シールドフォルム,はがね,ゴースト,g6,FALSE
0681N02,ギルガルド,60,140,50,140,50,60,ブレードフォルム,はがね,ゴースト,g6,FALSE
0682N01,シュシュプ,78,52,60,63,65,23,,フェアリー,,g6,TRUE
0683N01,フレフワン,101,72,72,99,89,29,,フェアリー,,g6,TRUE
0684N01,ペロッパフ,62,48,66,59,57,49,,フェアリー,,g6,TRUE
0685N01,ペロリーム,82,80,86,85,75,72,,フェアリー,,g6,TRUE
0686N01,マーイーカ,53,54,53,37,46,45,,あく,エスパー,g6,TRUE
0687N01,カラマネロ,86,92,88,68,75,73,,あく,エスパー,g6,TRUE
0688N01,カメテテ,42,52,67,39,56,50,,いわ,みず,g6,TRUE
0689N01,ガメノデス,72,105,115,54,86,68,,いわ,みず,g6,TRUE
0690N01,クズモー,50,60,60,60,60,30,,どく,みず,g6,TRUE
0691N01,ドラミドロ,65,75,90,97,123,44,,どく,ドラゴン,g6,TRUE
0692N01,ウデッポウ,50,53,62,58,63,44,,みず,,g6,TRUE
0693N01,ブロスター,71,73,88,120,89,59,,みず,,g6,TRUE
0694N01,エリキテル,44,38,33,61,43,70,,でんき,ノーマル,g6,TRUE
0695N01,エレザード,62,55,52,109,94,109,,でんき,ノーマル,g6,TRUE
0696N01,チゴラス,58,89,77,45,45,48,,いわ,ドラゴン,g6,TRUE
0697N01,ガチゴラス,82,121,119,69,59,71,,いわ,ドラゴン,g6,TRUE
0698N01,アマルス,77,59,50,67,63,46,,いわ,こおり,g6,TRUE
0699N01,アマルルガ,123,77,72,99,92,58,,いわ,こおり,g6,TRUE
0700N01,ニンフィア,95,65,65,110,130,60,,フェアリー,,g6,TRUE
0701N01,ルチャブル,78,92,75,74,63,118,,かくとう,ひこう,g6,FALSE
0702N01,デデンネ,67,58,57,81,67,101,,でんき,フェアリー,g6,TRUE
0703N01,メレシー,50,50,150,50,150,50,,いわ,フェアリー,g6,FALSE
0704N01,ヌメラ,45,50,35,55,75,40,,ドラゴン,,g6,TRUE
0705H01,ヌメイル,58,75,83,83,113,40,ヒスイのすがた,はがね,ドラゴン,arceus,TRUE
0705N01,ヌメイル,68,75,53,83,113,60,,ドラゴン,,g6,TRUE
0706H01,ヌメルゴン,80,100,100,110,150,60,ヒスイのすがた,はがね,ドラゴン,arceus,TRUE
0706N01,ヌメルゴン,90,100,70,110,150,80,,ドラゴン,,g6,TRUE
0707N01,クレッフィ,57,80,91,80,87,75,,はがね,フェアリー,g6,TRUE
0708N01,ボクレー,43,70,48,50,60,38,,ゴースト,くさ,g6,TRUE
0709N01,オーロット,85,110,76,65,82,56,,ゴースト,くさ,g6,TRUE
0710N01,バケッチャ,49,66,70,44,55,51,ふつうのサイズ,ゴースト,くさ,g6,TRUE
0710N02,バケッチャ,44,66,70,44,55,56,ちいさいサイズ,ゴースト,くさ,g6,TRUE
0710N03,バケッチャ,54,66,70,44,55,46,おおきいサイズ,ゴースト,くさ,g6,TRUE
0710N04,バケッチャ,59,66,70,44,55,41,とくだいサイズ,ゴースト,くさ,g6,TRUE
0711N01,パンプジン,65,90,122,58,75,84,ふつうのサイズ,ゴースト,くさ,g6,TRUE
0711N02,パンプジン,55,85,122,58,75,99,ちいさいサイズ,ゴースト,くさ,g6,TRUE
0711N03,パンプジン,75,95,122,58,75,69,おおきいサイズ,ゴースト,くさ,g6,TRUE
0711N04,パンプジン,85,100,122,58,75,54,とくだいサイズ,ゴースト,くさ,g6,TRUE
0712N01,カチコール,55,69,85,32,35,28,,こおり,,g6,TRUE
0713H01,クレベース,95,127,184,34,36,38,ヒスイのすがた,こおり,いわ,g6,TRUE
0713N01,クレベース,95,117,184,44,46,28,,こおり,,g6,TRUE
0714N01,オンバット,40,30,35,45,40,55,,ひこう,ドラゴン,g6,TRUE
0715N01,オンバーン,85,70,80,97,80,123,,ひこう,ドラゴン,g6,TRUE
0716N01,ゼルネアス,126,131,95,131,98,99,,フェアリー,,g6,TRUE
0717N01,イベルタル,126,131,95,131,98,99,,あく,ひこう,g6,TRUE
0718N01,ジガルデ,108,100,121,81,95,95,50%フォルム,ドラゴン,じめん,g6,FALSE
0718N02,ジガルデ,54,100,71,61,85,115,10%フォルム,ドラゴン,じめん,g6,FALSE
0718N03,ジガルデ,216,100,121,91,95,85,パーフェクトフォルム,ドラゴン,じめん,g6,FALSE
0719M01,メガディアンシー,50,160,110,160,110,110,,いわ,フェアリー,g6,FALSE
0719N01,ディアンシー,50,100,150,100,150,50,,いわ,フェアリー,g6orac,FALSE
0720N01,フーパ,80,110,60,150,130,70,いましめられしフーパ,エスパー,ゴースト,g6,TRUE
0720N02,フーパ,80,160,60,170,130,80,ときはなたれしフーパ,エスパー,あく,g6,TRUE
0721N01,ボルケニオン,80,110,120,130,90,70,,ほのお,みず,g6,FALSE
0722N01,モクロー,68,55,55,50,50,42,,くさ,ひこう,g7,TRUE
0723N01,フクスロー,78,75,75,70,70,52,,くさ,ひこう,g7,TRUE
0724H01,ジュナイパー,88,112,80,95,95,60,ヒスイのすがた,くさ,かくとう,arceus,TRUE
0724N01,ジュナイパー,78,107,75,100,100,70,,くさ,ゴースト,g7,TRUE
0725N01,ニャビー,45,65,40,60,40,70,,ほのお,,g7,TRUE
0726N01,ニャヒート,65,85,50,80,50,90,,ほのお,,g7,TRUE
0727N01,ガオガエン,95,115,90,80,90,60,,ほのお,あく,g7,TRUE
0728N01,アシマリ,50,54,54,66,56,40,,みず,,g7,TRUE
0729N01,オシャマリ,60,69,69,91,81,50,,みず,,g7,TRUE
0730N01,アシレーヌ,80,74,74,126,116,60,,みず,フェアリー,g7,TRUE
0731N01,ツツケラ,35,75,30,30,30,65,,ノーマル,ひこう,g7,TRUE
0732N01,ケララッパ,55,85,50,40,50,75,,ノーマル,ひこう,g7,TRUE
0733N01,ドデカバシ,80,120,75,75,75,60,,ノーマル,ひこう,g7,TRUE
0734N01,ヤングース,48,70,30,30,30,45,,ノーマル,,g7,TRUE
0735N01,デカグース,88,110,60,55,60,45,,ノーマル,,g7,TRUE
0736N01,アゴジムシ,47,62,45,55,45,46,,むし,,g7,TRUE
0737N01,デンヂムシ,57,82,95,55,75,36,,むし,でんき,g7,TRUE
0738N01,クワガノン,77,70,90,145,75,43,,むし,でんき,g7,TRUE
0739N01,マケンカニ,47,82,57,42,47,63,,かくとう,,g7,FALSE
0740N01,ケケンカニ,97,132,77,62,67,43,,かくとう,こおり,g7,FALSE
0741N01,オドリドリ,75,70,70,98,70,93,めらめらスタイル,ほのお,ひこう,g7,TRUE
0741N02,オドリドリ,75,70,70,98,70,93,ぱちぱちスタイル,でんき,ひこう,g7,TRUE
0741N03,オドリドリ,75,70,70,98,70,93,ふらふらスタイル,エスパー,ひこう,g7,TRUE
0741N04,オドリドリ,75,70,70,98,70,93,まいまいスタイル,ゴースト,ひこう,g7,TRUE
0742N01,アブリー,40,45,40,55,40,84,,むし,フェアリー,g7,FALSE
0743N01,アブリボン,60,55,60,95,70,124,,むし,フェアリー,g7,FALSE
0744N01,イワンコ,45,65,40,30,40,60,,いわ,,g7,TRUE
0745N01,ルガルガン,75,115,65,55,65,112,まひるのすがた,いわ,,g7,TRUE
0745N02,ルガルガン,85,115,75,55,75,82,まよなかのすがた,いわ,,g7,TRUE
0745N03,ルガルガン,75,117,65,55,65,110,たそがれのすがた,いわ,,g7,FALSE
0746N01,ヨワシ,45,20,20,25,25,40,たんどくのすがた,みず,,g7,FALSE
0746N02,ヨワシ,45,140,130,140,135,30,むれたすがた,みず,,g7,FALSE
0747N01,ヒドイデ,50,53,62,43,52,45,,どく,みず,g7,TRUE
0748N01,ドヒドイデ,50,63,152,53,142,35,,どく,みず,g7,TRUE
0749N01,ドロバンコ,70,100,70,45,55,45,,じめん,,g7,FALSE
0750N01,バンバドロ,100,125,100,55,85,35,,じめん,,g7,FALSE
0751N01,シズクモ,38,40,52,40,72,27,,みず,むし,g7,TRUE
0752N01,オニシズクモ,68,70,92,50,132,42,,みず,むし,g7,TRUE
0753N01,カリキリ,40,55,35,50,35,35,,くさ,,g7,TRUE
0754N01,ラランテス,70,105,90,80,90,45,,くさ,,g7,TRUE
0755N01,ネマシュ,40,35,55,65,75,15,,くさ,フェアリー,g7,TRUE
0756N01,マシェード,60,45,80,90,100,30,,くさ,フェアリー,g7,TRUE
0757N01,ヤトウモリ,48,44,40,71,40,77,,どく,ほのお,g7,TRUE
0758N01,エンニュート,68,64,60,111,60,117,,どく,ほのお,g7,TRUE
0759N01,ヌイコグマ,70,75,50,45,50,50,,ノーマル,かくとう,g7,TRUE
0760N01,キテルグマ,120,125,80,55,60,60,,ノーマル,かくとう,g7,TRUE
0761N01,アマカジ,42,30,38,30,38,32,,くさ,,g7,TRUE
0762N01,アママイコ,52,40,48,40,48,62,,くさ,,g7,TRUE
0763N01,アマージョ,72,120,98,50,98,72,,くさ,,g7,TRUE
0764N01,キュワワー,51,52,90,82,110,100,,フェアリー,,g7,TRUE
0765N01,ヤレユータン,90,60,80,90,110,60,,ノーマル,エスパー,g7,TRUE
0766N01,ナゲツケサル,100,120,90,40,60,80,,かくとう,,g7,FALSE
0767N01,コソクムシ,25,35,40,20,30,80,,むし,みず,g7,TRUE
0768N01,グソクムシャ,75,125,140,60,90,40,,むし,みず,g7,TRUE
0769N01,スナバァ,55,55,80,70,45,15,,ゴースト,じめん,g7,FALSE
0770N01,シロデスナ,85,75,110,100,75,35,,ゴースト,じめん,g7,FALSE
0771N01,ナマコブシ,55,60,130,30,130,5,,みず,,g7,FALSE
0772N01,タイプ：ヌル,95,95,95,95,95,59,,ノーマル,,g7,FALSE
0773N01,シルヴァディ,95,95,95,95,95,95,,ノーマル,,g7,FALSE
0774N01,メテノ,60,60,100,60,100,60,りゅうせいのすがた,いわ,ひこう,g7,FALSE
0774N02,メテノ,60,100,60,100,60,120,コア,いわ,ひこう,g7,FALSE
0775N01,ネッコアラ,65,115,65,75,95,65,,ノーマル,,g7,FALSE
0776N01,バクガメス,60,78,135,91,85,36,,ほのお,ドラゴン,g7,FALSE
0777N01,トゲデマル,65,98,63,40,73,96,,でんき,はがね,g7,TRUE
0778N01,ミミッキュ,55,90,80,50,105,96,,ゴースト,フェアリー,g7,FALSE
0779N01,ハギギシリ,68,105,70,70,70,92,,みず,エスパー,g7,FALSE
0780N01,ジジーロン,78,60,85,135,91,36,,ノーマル,ドラゴン,g7,FALSE
0781N01,ダダリン,70,131,100,86,90,40,,ゴースト,くさ,g7,FALSE
0782N01,ジャラコ,45,55,65,45,45,45,,ドラゴン,,g7,TRUE
0783N01,ジャランゴ,55,75,90,65,70,65,,ドラゴン,かくとう,g7,TRUE
0784N01,ジャラランガ,75,110,125,100,105,85,,ドラゴン,かくとう,g7,TRUE
0785N01,カプ・コケコ,70,115,85,95,75,130,,でんき,フェアリー,g7,TRUE
0786N01,カプ・テテフ,70,85,75,130,115,95,,エスパー,フェアリー,g7,TRUE
0787N01,カプ・ブルル,70,130,115,85,95,75,,くさ,フェアリー,g7,TRUE
0788N01,カプ・レヒレ,70,75,115,95,130,85,,みず,フェアリー,g7,TRUE
0789N01,コスモッグ,43,29,31,29,31,37,,エスパー,,g7,TRUE
0790N01,コスモウム,43,29,131,29,131,37,,エスパー,,g7,TRUE
0791N01,ソルガレオ,137,137,107,113,89,97,,エスパー,はがね,g7,FALSE
0792N01,ルナアーラ,137,113,89,137,107,97,,エスパー,ゴースト,g7,FALSE
0793N01,ウツロイド,109,53,47,127,131,103,,いわ,どく,g7,TRUE
0794N01,マッシブーン,107,139,139,53,53,79,,むし,かくとう,g7,TRUE
0795N01,フェローチェ,71,137,37,137,37,151,,むし,かくとう,g7,TRUE
0796N01,デンジュモク,83,89,71,173,71,83,,でんき,,g7,TRUE
0797N01,テッカグヤ,97,101,103,107,101,61,,はがね,ひこう,g7,TRUE
0798N01,カミツルギ,59,181,131,59,31,109,,くさ,はがね,g7,TRUE
0799N01,アクジキング,223,101,53,97,53,43,,あく,ドラゴン,g7,TRUE
0800N01,ネクロズマ,97,107,101,127,89,79,,エスパー,,g7,FALSE
0800N02,ネクロズマ,97,157,127,113,109,77,たそがれのたてがみ(日食),エスパー,はがね,g7,FALSE
0800N03,ネクロズマ,97,113,109,157,127,77,あかつきのつばさ(月食),エスパー,ゴースト,g7,FALSE
0800N04,ネクロズマ,97,167,97,167,97,129,ウルトラネクロズマ,エスパー,ドラゴン,g7,FALSE
0801N01,マギアナ,80,95,115,130,115,65,,はがね,フェアリー,g7,FALSE
0802N01,マーシャドー,90,125,80,90,90,125,,かくとう,ゴースト,g7,FALSE
0803N01,ベベノム,67,73,67,73,67,73,,どく,,g7,FALSE
0804N01,アーゴヨン,73,73,73,127,73,121,,どく,ドラゴン,g7,FALSE
0805N01,ツンデツンデ,61,131,211,53,101,13,,いわ,はがね,g7,FALSE
0806N01,ズガドーン,53,127,53,151,79,107,,ほのお,ゴースト,g7,FALSE
0807N01,ゼラオラ,88,112,75,102,80,143,,でんき,,g7,FALSE
0808N01,メルタン,46,65,65,55,35,34,,はがね,,g7pv,TRUE
0809N01,メルメタル,135,143,143,80,65,34,,はがね,,g7pv,TRUE
0810N01,サルノリ,50,65,50,40,40,65,,くさ,,g8,FALSE
0811N01,バチンキー,70,85,70,55,60,80,,くさ,,g8,FALSE
0812N01,ゴリランダー,100,125,90,60,70,85,,くさ,,g8,FALSE
0813N01,ヒバニー,50,71,40,40,40,69,,ほのお,,g8,FALSE
0814N01,ラビフット,65,86,60,55,60,94,,ほのお,,g8,FALSE
0815N01,エースバーン,80,116,75,65,75,119,,ほのお,,g8,FALSE
0816N01,メッソン,50,40,40,70,40,70,,みず,,g8,FALSE
0817N01,ジメレオン,65,60,55,95,55,90,,みず,,g8,FALSE
0818N01,インテレオン,70,85,65,125,65,120,,みず,,g8,FALSE
0819N01,ホシガリス,70,55,55,35,35,25,,ノーマル,,g8,TRUE
0820N01,ヨクバリス,120,95,95,55,75,20,,ノーマル,,g8,TRUE
0821N01,ココガラ,38,47,35,33,35,57,,ひこう,,g8,FALSE
0822N01,アオガラス,68,67,55,43,55,77,,ひこう,,g8,FALSE
0823N01,アーマーガア,98,87,105,53,85,67,,ひこう,はがね,g8,FALSE
0824N01,サッチムシ,25,20,20,25,45,45,,むし,,g8,FALSE
0825N01,レドームシ,50,35,80,50,90,30,,むし,エスパー,g8,FALSE
0826N01,イオルブ,60,45,110,80,120,90,,むし,エスパー,g8,FALSE
0827N01,クスネ,40,28,28,47,52,50,,あく,,g8,FALSE
0828N01,フォクスライ,70,58,58,87,92,90,,あく,,g8,FALSE
0829N01,ヒメンカ,40,40,60,40,60,10,,くさ,,g8,FALSE
0830N01,ワタシラガ,60,50,90,80,120,60,,くさ,,g8,FALSE
0831N01,ウールー,42,40,55,40,45,48,,ノーマル,,g8,FALSE
0832N01,バイウールー,72,80,100,60,90,88,,ノーマル,,g8,FALSE
0833N01,カムカメ,50,64,50,38,38,44,,みず,,g8,FALSE
0834N01,カジリガメ,90,115,90,48,68,74,,みず,いわ,g8,FALSE
0835N01,ワンパチ,59,45,50,40,50,26,,でんき,,g8,FALSE
0836N01,パルスワン,69,90,60,90,60,121,,でんき,,g8,FALSE
0837N01,タンドン,30,40,50,40,50,30,,いわ,,g8,FALSE
0838N01,トロッゴン,80,60,90,60,70,50,,いわ,ほのお,g8,FALSE
0839N01,セキタンザン,110,80,120,80,90,30,,いわ,ほのお,g8,FALSE
0840N01,カジッチュ,40,40,80,40,40,20,,くさ,ドラゴン,g8,FALSE
0841N01,アップリュー,70,110,80,95,60,70,,くさ,ドラゴン,g8,FALSE
0842N01,タルップル,110,85,80,100,80,30,,くさ,ドラゴン,g8,FALSE
0843N01,スナヘビ,52,57,75,35,50,46,,じめん,,g8,FALSE
0844N01,サダイジャ,72,107,125,65,70,71,,じめん,,g8,FALSE
0845N01,ウッウ,70,85,55,85,95,85,,ひこう,みず,g8,FALSE
0846N01,サシカマス,41,63,40,40,30,66,,みず,,g8,FALSE
0847N01,カマスジョー,61,123,60,60,50,136,,みず,,g8,FALSE
0848N01,エレズン,40,38,35,54,35,40,,でんき,どく,g8,FALSE
0849N01,ストリンダー,75,98,70,114,70,75,ハイなすがた,でんき,どく,g8,FALSE
0849N02,ストリンダー,75,98,70,114,70,75,ローなすがた,でんき,どく,g8,FALSE
0850N01,ヤクデ,50,65,45,50,50,45,,ほのお,むし,g8,FALSE
0851N01,マルヤクデ,100,115,65,90,90,65,,ほのお,むし,g8,FALSE
0852N01,タタッコ,50,68,60,50,50,32,,かくとう,,g8,FALSE
0853N01,オトスパス,80,118,90,70,80,42,,かくとう,,g8,FALSE
0854N01,ヤバチャ,40,45,45,74,54,50,,ゴースト,,g8,FALSE
0855N01,ポットデス,60,65,65,134,114,70,,ゴースト,,g8,FALSE
0856N01,ミブリム,42,30,45,56,53,39,,エスパー,,g8,FALSE
0857N01,テブリム,57,40,65,86,73,49,,エスパー,,g8,FALSE
0858N01,ブリムオン,57,90,95,136,103,29,,エスパー,フェアリー,g8,FALSE
0859N01,ベロバー,45,45,30,55,40,50,,あく,フェアリー,g8,FALSE
0860N01,ギモー,65,60,45,75,55,70,,あく,フェアリー,g8,FALSE
0861N01,オーロンゲ,95,120,65,95,75,60,,あく,フェアリー,g8,FALSE
0862N01,タチフサグマ,93,90,101,60,81,95,,あく,ノーマル,g8,TRUE
0863N01,ニャイキング,70,110,100,50,60,50,,はがね,,g8,TRUE
0864N01,サニゴーン,60,95,50,145,130,30,,ゴースト,,g8,FALSE
0865N01,ネギガナイト,62,135,95,68,82,65,,かくとう,,g8,TRUE
0866N01,バリコオル,80,85,75,110,100,70,,こおり,エスパー,g8,TRUE
0867N01,デスバーン,58,95,145,50,105,30,,じめん,ゴースト,g8,TRUE
0868N01,マホミル,45,40,40,50,61,34,,フェアリー,,g8,FALSE
0869N01,マホイップ,65,60,75,110,121,64,,フェアリー,,g8,FALSE
0870N01,タイレーツ,65,100,100,70,60,75,,かくとう,,g8,TRUE
0871N01,バチンウニ,48,101,95,91,85,15,,でんき,,g8,FALSE
0872N01,ユキハミ,30,25,35,45,30,20,,こおり,むし,g8,FALSE
0873N01,モスノウ,70,65,60,125,90,65,,こおり,むし,g8,FALSE
0874N01,イシヘンジン,100,125,135,20,20,70,,いわ,,g8,FALSE
0875N01,コオリッポ,75,80,110,65,90,50,アイスフェイス,こおり,,g8,FALSE
0875N02,コオリッポ,75,80,70,65,50,130,ナイスフェイス,こおり,,g8,FALSE
0876N01,イエッサン,60,65,55,105,95,95,オスのすがた,エスパー,ノーマル,g8,FALSE
0876N02,イエッサン,70,55,65,95,105,85,メスのすがた,エスパー,ノーマル,g8,FALSE
0877N01,モルペコ,58,95,58,70,58,97,,でんき,あく,g8,FALSE
0878N01,ゾウドウ,72,80,49,40,49,40,,はがね,,g8,FALSE
0879N01,ダイオウドウ,122,130,69,80,69,30,,はがね,,g8,FALSE
0880N01,パッチラゴン,90,100,90,80,70,75,,でんき,ドラゴン,g8,FALSE
0881N01,パッチルドン,90,100,90,90,80,55,,でんき,こおり,g8,FALSE
0882N01,ウオノラゴン,90,90,100,70,80,75,,みず,ドラゴン,g8,FALSE
0883N01,ウオチルドン,90,90,100,80,90,55,,みず,こおり,g8,FALSE
0884N01,ジュラルドン,70,95,115,120,50,85,,はがね,ドラゴン,g8,FALSE
0885N01,ドラメシヤ,28,60,30,40,30,82,,ドラゴン,ゴースト,g8,FALSE
0886N01,ドロンチ,68,80,50,60,50,102,,ドラゴン,ゴースト,g8,FALSE
0887N01,ドラパルト,88,120,75,100,75,142,,ドラゴン,ゴースト,g8,FALSE
0888N01,ザシアン,92,130,115,80,115,138,れきせんのゆうしゃ,フェアリー,,g8,TRUE
0888N02,ザシアン,92,170,115,80,115,148,けんのおう,フェアリー,はがね,g8,FALSE
0889N01,ザマゼンタ,92,130,115,80,115,138,れきせんのゆうしゃ,かくとう,,g8,TRUE
0889N02,ザマゼンタ,92,130,145,80,145,128,たてのおう,かくとう,はがね,g8,FALSE
0890N01,ムゲンダイナ,140,85,95,145,95,130,,どく,ドラゴン,g8,FALSE
0891N01,ダクマ,60,90,60,53,50,72,,かくとう,,g8,FALSE
0892N01,ウーラオス,100,130,100,63,60,97,いちげきのかた,かくとう,あく,g8,FALSE
0892N02,ウーラオス,100,130,100,63,60,97,れんげきのかた,かくとう,みず,g8,FALSE
0893N01,ザルード,105,120,105,70,95,105,,あく,くさ,g8,TRUE
0894N01,レジエレキ,80,100,50,100,50,200,,でんき,,g8,FALSE
0895N01,レジドラゴ,200,100,50,100,50,80,,ドラゴン,,g8,FALSE
0896N01,ブリザポス,100,145,130,65,110,30,,こおり,,g8,FALSE
0897N01,レイスポス,100,65,60,145,80,130,,ゴースト,,g8,FALSE
0898N01,バドレックス,100,80,80,80,80,80,,エスパー,くさ,g8,FALSE
0898N02,バドレックス,100,165,150,85,130,50,はくばじょうのすがた,エスパー,こおり,g8,FALSE
0898N03,バドレックス,100,85,80,165,100,150,こくばじょうのすがた,エスパー,ゴースト,g8,FALSE
0899N01,アヤシシ,103,105,72,105,75,65,,ノーマル,エスパー,arceus,FALSE
0900N01,バサギリ,70,135,95,45,70,85,,むし,いわ,arceus,FALSE
0901N01,ガチグマ,130,140,105,45,80,50,,じめん,ノーマル,arceus,TRUE
0902N01,イダイトウ,120,112,65,80,75,78,オスのすがた,みず,ゴースト,arceus,FALSE
0902N02,イダイトウ,120,92,65,100,75,78,メスのすがた,みず,ゴースト,arceus,FALSE
0903N01,オオニューラ,80,130,60,40,80,120,,かくとう,どく,arceus,FALSE
0904N01,ハリーマン,85,115,95,65,65,85,,あく,どく,arceus,FALSE
0905N01,ラブトロス,74,115,70,135,80,106,けしんフォルム,フェアリー,ひこう,arceus,FALSE
0905N02,ラブトロス,74,115,110,135,100,46,れいじゅうフォルム,フェアリー,ひこう,arceus,FALSE