pokedexId,beforePokedexId,candy,evolutionItems,buddy,specialAction,lureModules,tradeEvolution,evoAnnotations,canGoEvo
0001N01,,0,,,,,,,FALSE
0002N01,0001N01,25,,,,,,,TRUE
0003N01,0002N01,100,,,,,,,TRUE
0003M01,,0,,,,,,,FALSE
0004N01,,0,,,,,,,FALSE
0005N01,0004N01,25,,,,,,,TRUE
0006N01,0005N01,100,,,,,,,TRUE
0006M01,,0,,,,,,,FALSE
0006M02,,0,,,,,,,FALSE
0007N01,,0,,,,,,,FALSE
0008N01,0007N01,25,,,,,,,TRUE
0009N01,0008N01,100,,,,,,,TRUE
0009M01,,0,,,,,,,FALSE
0010N01,,0,,,,,,,FALSE
0011N01,0010N01,12,,,,,,,TRUE
0012N01,0011N01,50,,,,,,,TRUE
0013N01,,0,,,,,,,FALSE
0014N01,0013N01,12,,,,,,,TRUE
0015N01,0014N01,50,,,,,,,TRUE
0015M01,,0,,,,,,,FALSE
0016N01,,0,,,,,,,FALSE
0017N01,0016N01,12,,,,,,,TRUE
0018N01,0017N01,50,,,,,,,TRUE
0018M01,,0,,,,,,,FALSE
0019N01,,0,,,,,,,FALSE
0019A01,,0,,,,,,,FALSE
0020N01,0019N01,25,,,,,,,TRUE
0020A01,0019A01,25,,,,,,,TRUE
0021N01,,0,,,,,,,FALSE
0022N01,0021N01,50,,,,,,,TRUE
0023N01,,0,,,,,,,FALSE
0024N01,0023N01,50,,,,,,,TRUE
0025N01,0172N01,25,,,,,,,TRUE
0025N02,,0,,,,,,,FALSE
0026N01,0025N01,50,,,,,,,TRUE
0026A01,0025N01,0,,,,,,ポケモンGOでは、ピカチュウはアローラライチュウに進化しない。,FALSE
0027N01,,0,,,,,,,FALSE
0027A01,,0,,,,,,,FALSE
0028N01,0027N01,50,,,,,,,TRUE
0028A01,0027A01,50,,,,,,,TRUE
0029N01,,0,,,,,,,FALSE
0030N01,0029N01,25,,,,,,,TRUE
0031N01,0030N01,100,,,,,,,TRUE
0032N01,,0,,,,,,,FALSE
0033N01,0032N01,25,,,,,,,TRUE
0034N01,0033N01,100,,,,,,,TRUE
0035N01,0173N01,25,,,,,,,TRUE
0036N01,0035N01,50,,,,,,,TRUE
0037N01,,0,,,,,,,FALSE
0037A01,,0,,,,,,,FALSE
0038N01,0037N01,50,,,,,,,TRUE
0038A01,0037A01,50,,,,,,,TRUE
0039N01,0174N01,25,,,,,,,TRUE
0040N01,0039N01,25,,,,,,,TRUE
0041N01,,0,,,,,,,FALSE
0042N01,0041N01,25,,,,,,,TRUE
0043N01,,0,,,,,,,FALSE
0044N01,0043N01,25,,,,,,,TRUE
0045N01,0044N01,100,,,,,,,TRUE
0046N01,,0,,,,,,,FALSE
0047N01,0046N01,50,,,,,,,TRUE
0048N01,,0,,,,,,,FALSE
0049N01,0048N01,50,,,,,,,TRUE
0050N01,,0,,,,,,,FALSE
0050A01,,0,,,,,,,FALSE
0051N01,0050N01,50,,,,,,,TRUE
0051A01,0050A01,50,,,,,,,TRUE
0052N01,,0,,,,,,,FALSE
0052A01,,0,,,,,,,FALSE
0052G01,,0,,,,,,,FALSE
0053N01,0052N01,50,,,,,,,TRUE
0053A01,0052A01,50,,,,,,,TRUE
0054N01,,0,,,,,,,FALSE
0055N01,0054N01,50,,,,,,,TRUE
0056N01,,0,,,,,,,FALSE
0057N01,0056N01,50,,,,,,,TRUE
0058N01,,0,,,,,,,FALSE
0058H01,,0,,,,,,,FALSE
0059N01,0058N01,50,,,,,,,TRUE
0059H01,0058H01,50,,,,,,,TRUE
0060N01,,0,,,,,,,FALSE
0061N01,0060N01,25,,,,,,,TRUE
0062N01,0061N01,100,,,,,,,TRUE
0063N01,,0,,,,,,,FALSE
0064N01,0063N01,25,,,,,,,TRUE
0065N01,0064N01,100,,,,,交換後はアメ0個,,TRUE
0065M01,,0,,,,,,,FALSE
0066N01,,0,,,,,,,FALSE
0067N01,0066N01,25,,,,,,,TRUE
0068N01,0067N01,100,,,,,交換後はアメ0個,,TRUE
0069N01,,0,,,,,,,FALSE
0070N01,0069N01,25,,,,,,,TRUE
0071N01,0070N01,100,,,,,,,TRUE
0072N01,,0,,,,,,,FALSE
0073N01,0072N01,50,,,,,,,TRUE
0074N01,,0,,,,,,,FALSE
0074A01,,0,,,,,,,FALSE
0075N01,0074N01,25,,,,,,,TRUE
0075A01,0074A01,25,,,,,,,TRUE
0076N01,0075N01,100,,,,,,,TRUE
0076A01,0075A01,100,,,,,交換後はアメ0個,,TRUE
0077N01,,0,,,,,,,FALSE
0077G01,,0,,,,,,,FALSE
0078N01,0077N01,50,,,,,,,TRUE
0078G01,0077G01,50,,,,,,,TRUE
0079N01,,0,,,,,,,FALSE
0079G01,,0,,,,,,,FALSE
0080N01,0079N01,50,,,,,,,TRUE
0080M01,,0,,,,,,,FALSE
0080G01,0079G01,50,,どくタイプのポケモンを30匹捕まえる,,,,,TRUE
0081N01,,0,,,,,,,FALSE
0082N01,0081N01,25,,,,,,,TRUE
0083N01,,0,,,,,,,FALSE
0083G01,,0,,,,,,,FALSE
0084N01,,0,,,,,,,FALSE
0085N01,0084N01,50,,,,,,,TRUE
0086N01,,0,,,,,,,FALSE
0087N01,0086N01,50,,,,,,,TRUE
0088N01,,0,,,,,,,FALSE
0088A01,,0,,,,,,,FALSE
0089N01,0088N01,50,,,,,,,TRUE
0089A01,0088A01,50,,,,,,,TRUE
0090N01,,0,,,,,,,FALSE
0091N01,0090N01,50,,,,,,,TRUE
0092N01,,0,,,,,,,FALSE
0093N01,0092N01,25,,,,,,,TRUE
0094N01,0093N01,100,,,,,交換後はアメ0個,,TRUE
0094M01,,0,,,,,,,FALSE
0095N01,,0,,,,,,,FALSE
0096N01,,0,,,,,,,FALSE
0097N01,0096N01,50,,,,,,,TRUE
0098N01,,0,,,,,,,FALSE
0099N01,0098N01,50,,,,,,,TRUE
0100N01,,0,,,,,,,FALSE
0100H01,,0,,,,,,,FALSE
0101N01,0100N01,50,,,,,,,TRUE
0101H01,0100H01,50,,,,,,,TRUE
0102N01,,0,,,,,,,FALSE
0103N01,0102N01,50,,,,,,,TRUE
0103A01,0102N01,50,,,,,,ポケモンGOでは、タマタマはアローラナッシーに進化しない。,FALSE
0104N01,,0,,,,,,,FALSE
0105N01,0104N01,50,,,,,,,TRUE
0105A01,0104N01,50,,,,,,,TRUE
0106N01,0236N01,25,,,こうげきが高い場合,,,個体値が同じ場合は、ランダムで決まる。,TRUE
0107N01,0236N01,25,,,ぼうぎょが高い場合,,,,TRUE
0108N01,,0,,,,,,,FALSE
0109N01,,0,,,,,,,FALSE
0110N01,0109N01,50,,,,,,,TRUE
0110G01,0109N01,50,,,,,,,TRUE
0111N01,,0,,,,,,,FALSE
0112N01,0111N01,25,,,,,,,TRUE
0113N01,0440N01,25,,15km歩く,,,,,TRUE
0114N01,,0,,,,,,,FALSE
0115N01,,0,,,,,,,FALSE
0115M01,,0,,,,,,,FALSE
0116N01,,0,,,,,,,FALSE
0117N01,0116N01,25,,,,,,,TRUE
0118N01,,0,,,,,,,FALSE
0119N01,0118N01,50,,,,,,,TRUE
0120N01,,0,,,,,,,FALSE
0121N01,0120N01,50,,,,,,,TRUE
0122N01,0439N01,25,,15km歩く,,,,,TRUE
0122G01,,0,,,,,,,FALSE
0123N01,,0,,,,,,,FALSE
0124N01,0238N01,25,,,,,,,TRUE
0125N01,0239N01,25,,,,,,,TRUE
0126N01,0240N01,25,,,,,,,TRUE
0127N01,,0,,,,,,,FALSE
0127M01,,0,,,,,,,FALSE
0128N01,,0,,,,,,,FALSE
0128P01,,0,,,,,,,FALSE
0128P02,,0,,,,,,,FALSE
0128P03,,0,,,,,,,FALSE
0129N01,,0,,,,,,,FALSE
0130N01,0129N01,400,,,,,,,TRUE
0130M01,,0,,,,,,,FALSE
0131N01,,0,,,,,,,FALSE
0132N01,,0,,,,,,,FALSE
0133N01,,0,,,,,,,FALSE
0133N02,,0,,,,,,,FALSE
0134N01,0133N01,25,,,,,,イーブイに特定の名前を付けることにより、進化先を確定させることができる。（進化先ごとに各1回限り）,TRUE
0135N01,0133N01,25,,,,,,シャワーズ、サンダース、ブースターは、ランダムで決まる。,TRUE
0136N01,0133N01,25,,,,,,,TRUE
0137N01,,0,,,,,,,FALSE
0138N01,,0,,,,,,,FALSE
0139N01,0138N01,50,,,,,,,TRUE
0140N01,,0,,,,,,,FALSE
0141N01,0140N01,50,,,,,,,TRUE
0142N01,,0,,,,,,,FALSE
0142M01,,0,,,,,,,FALSE
0143N01,0446N01,50,,,,,,,TRUE
0144N01,,0,,,,,,,FALSE
0144G01,,0,,,,,,,FALSE
0145N01,,0,,,,,,,FALSE
0145G01,,0,,,,,,,FALSE
0146N01,,0,,,,,,,FALSE
0146G01,,0,,,,,,,FALSE
0147N01,,0,,,,,,,FALSE
0148N01,0147N01,25,,,,,,,TRUE
0149N01,0148N01,100,,,,,,,TRUE
0150N01,,0,,,,,,,FALSE
0150N02,,0,,,,,,,FALSE
0150M01,,0,,,,,,,FALSE
0150M02,,0,,,,,,,FALSE
0151N01,,0,,,,,,,FALSE
0152N01,,0,,,,,,,FALSE
0153N01,0152N01,25,,,,,,,TRUE
0154N01,0153N01,100,,,,,,,TRUE
0155N01,,0,,,,,,,FALSE
0156N01,0155N01,25,,,,,,,TRUE
0157N01,0156N01,100,,,,,,,TRUE
0157H01,0156N01,0,,,,,,ポケモンGOでは、マグマラシはヒスイバクフーンに進化しない。,FALSE
0158N01,,0,,,,,,,FALSE
0159N01,0158N01,25,,,,,,,TRUE
0160N01,0159N01,100,,,,,,,TRUE
0161N01,,0,,,,,,,FALSE
0162N01,0161N01,25,,,,,,,TRUE
0163N01,,0,,,,,,,FALSE
0164N01,0163N01,50,,,,,,,TRUE
0165N01,,0,,,,,,,FALSE
0166N01,0165N01,25,,,,,,,TRUE
0167N01,,0,,,,,,,FALSE
0168N01,0167N01,50,,,,,,,TRUE
0169N01,0042N01,100,,,,,,,TRUE
0170N01,,0,,,,,,,FALSE
0171N01,0170N01,50,,,,,,,TRUE
0172N01,,0,,,,,,,FALSE
0173N01,,0,,,,,,,FALSE
0174N01,,0,,,,,,,FALSE
0175N01,,0,,,,,,,FALSE
0176N01,0175N01,25,,,,,,,TRUE
0177N01,,0,,,,,,,FALSE
0178N01,0177N01,50,,,,,,,TRUE
0179N01,,0,,,,,,,FALSE
0180N01,0179N01,25,,,,,,,TRUE
0181N01,0180N01,100,,,,,,,TRUE
0181M01,,0,,,,,,,FALSE
0182N01,0044N01,100,たいようのいし1コ,,,,,,TRUE
0183N01,0298N01,25,,,,,,,TRUE
0184N01,0183N01,25,,,,,,,TRUE
0185N01,0438N01,25,,15km歩く,,,,,TRUE
0186N01,0061N01,100,おうじゃのしるし1コ,,,,,,TRUE
0187N01,,0,,,,,,,FALSE
0188N01,0187N01,25,,,,,,,TRUE
0189N01,0188N01,100,,,,,,,TRUE
0190N01,,0,,,,,,,FALSE
0191N01,,0,,,,,,,FALSE
0192N01,0191N01,50,,,,,,,TRUE
0193N01,,0,,,,,,,FALSE
0194N01,,0,,,,,,,FALSE
0194P01,,0,,,,,,,FALSE
0195N01,0194N01,50,,,,,,,TRUE
0196N01,0133N01,25,,10km歩く,昼のみ,,,,TRUE
0197N01,0133N01,25,,10km歩く,夜のみ,,,,TRUE
0198N01,,0,,,,,,,FALSE
0199N01,0079N01,50,おうじゃのしるし1コ,,,,,,TRUE
0199G01,0079G01,50,,エスパータイプのポケモンを30匹捕まえる,,,,,TRUE
0200N01,,0,,,,,,,FALSE
0201N01,,0,,,,,,,FALSE
0202N01,0360N01,25,,,,,,,TRUE
0203N01,,0,,,,,,,FALSE
0204N01,,0,,,,,,,FALSE
0205N01,0204N01,50,,,,,,,TRUE
0206N01,,0,,,,,,,FALSE
0207N01,,0,,,,,,,FALSE
0208N01,0095N01,50,メタルコート1コ,,,,,,TRUE
0208M01,,0,,,,,,,FALSE
0209N01,,0,,,,,,,FALSE
0210N01,0209N01,50,,,,,,,TRUE
0211N01,,0,,,,,,,FALSE
0211H01,,0,,,,,,,FALSE
0212N01,0123N01,50,メタルコート1コ,,,,,,TRUE
0212M01,,0,,,,,,,FALSE
0213N01,,0,,,,,,,FALSE
0214N01,,0,,,,,,,FALSE
0214M01,,0,,,,,,,FALSE
0215N01,,0,,,,,,,FALSE
0215H01,,0,,,,,,,FALSE
0216N01,,0,,,,,,,FALSE
0217N01,0216N01,50,,,,,,,TRUE
0218N01,,0,,,,,,,FALSE
0219N01,0218N01,50,,,,,,,TRUE
0220N01,,0,,,,,,,FALSE
0221N01,0220N01,25,,,,,,,TRUE
0222N01,,0,,,,,,,FALSE
0222G01,,0,,,,,,,FALSE
0223N01,,0,,,,,,,FALSE
0224N01,0223N01,50,,,,,,,TRUE
0225N01,,0,,,,,,,FALSE
0226N01,0458N01,50,,,,,,,TRUE
0227N01,,0,,,,,,,FALSE
0228N01,,0,,,,,,,FALSE
0229N01,0228N01,50,,,,,,,TRUE
0229M01,,0,,,,,,,FALSE
0230N01,0117N01,100,りゅうのうろこ1コ,,,,,,TRUE
0231N01,,0,,,,,,,FALSE
0232N01,0231N01,50,,,,,,,TRUE
0233N01,0137N01,25,アップグレード1コ,,,,,,TRUE
0234N01,,0,,,,,,,FALSE
0235N01,,0,,,,,,,FALSE
0236N01,,0,,,,,,,FALSE
0237N01,0236N01,25,,,HPが高い場合,,,,TRUE
0238N01,,0,,,,,,,FALSE
0239N01,,0,,,,,,,FALSE
0240N01,,0,,,,,,,FALSE
0241N01,,0,,,,,,,FALSE
0242N01,0113N01,50,,,,,,,TRUE
0243N01,,0,,,,,,,FALSE
0244N01,,0,,,,,,,FALSE
0245N01,,0,,,,,,,FALSE
0246N01,,0,,,,,,,FALSE
0247N01,0246N01,25,,,,,,,TRUE
0248N01,0247N01,100,,,,,,,TRUE
0248M01,,0,,,,,,,FALSE
0249N01,,0,,,,,,,FALSE
0250N01,,0,,,,,,,FALSE
0251N01,,0,,,,,,,FALSE
0252N01,,0,,,,,,,FALSE
0253N01,0252N01,25,,,,,,,TRUE
0254N01,0253N01,100,,,,,,,TRUE
0254M01,,0,,,,,,,FALSE
0255N01,,0,,,,,,,FALSE
0256N01,0255N01,25,,,,,,,TRUE
0257N01,0256N01,100,,,,,,,TRUE
0257M01,,0,,,,,,,FALSE
0258N01,,0,,,,,,,FALSE
0259N01,0258N01,25,,,,,,,TRUE
0260N01,0259N01,100,,,,,,,TRUE
0260M01,,0,,,,,,,FALSE
0261N01,,0,,,,,,,FALSE
0262N01,0261N01,50,,,,,,,TRUE
0263N01,,0,,,,,,,FALSE
0263G01,,0,,,,,,,FALSE
0264N01,0263N01,50,,,,,,,TRUE
0264G01,0263G01,25,,,,,,,TRUE
0265N01,,0,,,,,,,FALSE
0266N01,0265N01,12,,,,,,ケムッソからの進化先はランダムで決まる。,TRUE
0267N01,0266N01,50,,,,,,,TRUE
0268N01,0265N01,12,,,,,,,TRUE
0269N01,0268N01,50,,,,,,,TRUE
0270N01,,0,,,,,,,FALSE
0271N01,0270N01,25,,,,,,,TRUE
0272N01,0271N01,100,,,,,,,TRUE
0273N01,,0,,,,,,,FALSE
0274N01,0273N01,25,,,,,,,TRUE
0275N01,0274N01,100,,,,,,,TRUE
0276N01,,0,,,,,,,FALSE
0277N01,0276N01,50,,,,,,,TRUE
0278N01,,0,,,,,,,FALSE
0279N01,0278N01,50,,,,,,,TRUE
0280N01,,0,,,,,,,FALSE
0281N01,0280N01,25,,,,,,,TRUE
0282N01,0281N01,100,,,,,,,TRUE
0282M01,,0,,,,,,,FALSE
0283N01,,0,,,,,,,FALSE
0284N01,0283N01,50,,,,,,,TRUE
0285N01,,0,,,,,,,FALSE
0286N01,0285N01,50,,,,,,,TRUE
0287N01,,0,,,,,,,FALSE
0288N01,0287N01,25,,,,,,,TRUE
0289N01,0288N01,100,,,,,,,TRUE
0290N01,,0,,,,,,,FALSE
0291N01,0290N01,50,,,,,,,TRUE
0292N01,0290N01,0,,,,,,ポケモンGOでは、ツチニンを進化させてもヌケニンは入手できない。,FALSE
0293N01,,0,,,,,,,FALSE
0294N01,0293N01,12,,,,,,,TRUE
0295N01,0294N01,50,,,,,,,TRUE
0296N01,,0,,,,,,,FALSE
0297N01,0296N01,50,,,,,,,TRUE
0298N01,,0,,,,,,,FALSE
0299N01,,0,,,,,,,FALSE
0300N01,,0,,,,,,,FALSE
0301N01,0300N01,50,,,,,,,TRUE
0302N01,,0,,,,,,,FALSE
0302M01,,0,,,,,,,FALSE
0303N01,,0,,,,,,,FALSE
0303M01,,0,,,,,,,FALSE
0304N01,,0,,,,,,,FALSE
0305N01,0304N01,25,,,,,,,TRUE
0306N01,0305N01,100,,,,,,,TRUE
0306M01,,0,,,,,,,FALSE
0307N01,,0,,,,,,,FALSE
0308N01,0307N01,50,,,,,,,TRUE
0308M01,,0,,,,,,,FALSE
0309N01,,0,,,,,,,FALSE
0310N01,0309N01,50,,,,,,,TRUE
0310M01,,0,,,,,,,FALSE
0311N01,,0,,,,,,,FALSE
0312N01,,0,,,,,,,FALSE
0313N01,,0,,,,,,,FALSE
0314N01,,0,,,,,,,FALSE
0315N01,0406N01,25,,,,,,,TRUE
0316N01,,0,,,,,,,FALSE
0317N01,0316N01,50,,,,,,,TRUE
0318N01,,0,,,,,,,FALSE
0319N01,0318N01,50,,,,,,,TRUE
0319M01,,0,,,,,,,FALSE
0320N01,,0,,,,,,,FALSE
0321N01,0320N01,400,,,,,,,TRUE
0322N01,,0,,,,,,,FALSE
0323N01,0322N01,50,,,,,,,TRUE
0323M01,,0,,,,,,,FALSE
0324N01,,0,,,,,,,FALSE
0325N01,,0,,,,,,,FALSE
0326N01,0325N01,50,,,,,,,TRUE
0327N01,,0,,,,,,,FALSE
0328N01,,0,,,,,,,FALSE
0329N01,0328N01,25,,,,,,,TRUE
0330N01,0329N01,100,,,,,,,TRUE
0331N01,,0,,,,,,,FALSE
0332N01,0331N01,50,,,,,,,TRUE
0333N01,,0,,,,,,,FALSE
0334N01,0333N01,400,,,,,,,TRUE
0334M01,,0,,,,,,,FALSE
0335N01,,0,,,,,,,FALSE
0336N01,,0,,,,,,,FALSE
0337N01,,0,,,,,,,FALSE
0338N01,,0,,,,,,,FALSE
0339N01,,0,,,,,,,FALSE
0340N01,0339N01,50,,,,,,,TRUE
0341N01,,0,,,,,,,FALSE
0342N01,0341N01,50,,,,,,,TRUE
0343N01,,0,,,,,,,FALSE
0344N01,0343N01,50,,,,,,,TRUE
0345N01,,0,,,,,,,FALSE
0346N01,0345N01,50,,,,,,,TRUE
0347N01,,0,,,,,,,FALSE
0348N01,0347N01,50,,,,,,,TRUE
0349N01,,0,,,,,,,FALSE
0350N01,0349N01,100,,20km歩く,,,,,TRUE
0351N01,,0,,,,,,,FALSE
0351N02,,0,,,,,,,FALSE
0351N03,,0,,,,,,,FALSE
0351N04,,0,,,,,,,FALSE
0352N01,,0,,,,,,,FALSE
0353N01,,0,,,,,,,FALSE
0354N01,0353N01,50,,,,,,,TRUE
0354M01,,0,,,,,,,FALSE
0355N01,,0,,,,,,,FALSE
0356N01,,0,,,,,,,FALSE
0357N01,,0,,,,,,,FALSE
0358N01,0433N01,50,,,,,,,TRUE
0359N01,,0,,,,,,,FALSE
0359M01,,0,,,,,,,FALSE
0360N01,,0,,,,,,,FALSE
0361N01,,0,,,,,,,FALSE
0362N01,0361N01,100,,,,,,,TRUE
0362M01,,0,,,,,,,FALSE
0363N01,,0,,,,,,,FALSE
0364N01,0363N01,25,,,,,,,TRUE
0365N01,0364N01,100,,,,,,,TRUE
0366N01,,0,,,,,,,FALSE
0367N01,0366N01,50,,,,,,パールルの進化先はランダムで決まる。,TRUE
0368N01,0366N01,50,,,,,,,TRUE
0369N01,,0,,,,,,,FALSE
0370N01,,0,,,,,,,FALSE
0371N01,,0,,,,,,,FALSE
0372N01,0371N01,25,,,,,,,TRUE
0373N01,0372N01,100,,,,,,,TRUE
0373M01,,0,,,,,,,FALSE
0374N01,,0,,,,,,,FALSE
0375N01,0374N01,25,,,,,,,TRUE
0376N01,0375N01,100,,,,,,,TRUE
0376M01,,0,,,,,,,FALSE
0377N01,,0,,,,,,,FALSE
0378N01,,0,,,,,,,FALSE
0379N01,,0,,,,,,,FALSE
0380N01,,0,,,,,,,FALSE
0380M01,,0,,,,,,,FALSE
0381N01,,0,,,,,,,FALSE
0381M01,,0,,,,,,,FALSE
0382N01,,0,,,,,,,FALSE
0382M01,,0,,,,,,,FALSE
0383N01,,0,,,,,,,FALSE
0383M01,,0,,,,,,,FALSE
0384N01,,0,,,,,,,FALSE
0384M01,,0,,,,,,,FALSE
0385N01,,0,,,,,,,FALSE
0386N01,,0,,,,,,,FALSE
0386N02,,0,,,,,,,FALSE
0386N03,,0,,,,,,,FALSE
0386N04,,0,,,,,,,FALSE
0387N01,,0,,,,,,,FALSE
0388N01,0387N01,25,,,,,,,TRUE
0389N01,0388N01,100,,,,,,,TRUE
0390N01,,0,,,,,,,FALSE
0391N01,0390N01,25,,,,,,,TRUE
0392N01,0391N01,100,,,,,,,TRUE
0393N01,,0,,,,,,,FALSE
0394N01,0393N01,25,,,,,,,TRUE
0395N01,0394N01,100,,,,,,,TRUE
0396N01,,0,,,,,,,FALSE
0397N01,0396N01,25,,,,,,,TRUE
0398N01,0397N01,100,,,,,,,TRUE
0399N01,,0,,,,,,,FALSE
0400N01,0399N01,50,,,,,,,TRUE
0401N01,,0,,,,,,,FALSE
0402N01,0401N01,50,,,,,,,TRUE
0403N01,,0,,,,,,,FALSE
0404N01,0403N01,25,,,,,,,TRUE
0405N01,0404N01,100,,,,,,,TRUE
0406N01,,0,,,,,,,FALSE
0407N01,0315N01,100,シンオウのいし1コ,,,,,,TRUE
0408N01,,0,,,,,,,FALSE
0409N01,0408N01,50,,,,,,,TRUE
0410N01,,0,,,,,,,FALSE
0411N01,0410N01,50,,,,,,,TRUE
0412N01,,0,,,,,,,FALSE
0412N02,,0,,,,,,,FALSE
0412N03,,0,,,,,,,FALSE
0413N01,0412N01,50,,,メスのみ,,,,TRUE
0413N02,0412N02,50,,,メスのみ,,,,TRUE
0413N03,0412N03,50,,,メスのみ,,,,TRUE
# 0414N01はガーメイル。進化前が複数存在し、本来存在しない0414N02,0414N03を割り当てている。,,0,,,,,,,
# ガーメイル(0414N01)の進化ツリーを検索した場合は、02,03の進化ツリーもヒットさせる。,,0,,,,,,,
0414N01,0412N01,50,,,オスのみ,,,,TRUE
0414N02,0412N02,50,,,オスのみ,,,,TRUE
0414N03,0412N03,50,,,オスのみ,,,,TRUE
0415N01,,0,,,,,,,FALSE
0416N01,0415N01,50,,,メスのみ,,,,TRUE
0417N01,,0,,,,,,,FALSE
0418N01,,0,,,,,,,FALSE
0419N01,0418N01,50,,,,,,,TRUE
0420N01,,0,,,,,,,FALSE
0421N01,0420N01,50,,,天気が晴れのとき,,,,TRUE
0421N02,0420N01,50,,,天気が晴れ以外のとき,,,,TRUE
0422N01,,0,,,,,,,FALSE
0422N02,,0,,,,,,,FALSE
0423N01,0422N01,50,,,,,,,TRUE
0423N02,0422N02,50,,,,,,,TRUE
0424N01,0190N01,100,シンオウのいし1コ,,,,,,TRUE
0425N01,,0,,,,,,,FALSE
0426N01,0425N01,50,,,,,,,TRUE
0427N01,,0,,,,,,,FALSE
0428N01,0427N01,50,,,,,,,TRUE
0428M01,,0,,,,,,,FALSE
0429N01,0200N01,100,シンオウのいし1コ,,,,,,TRUE
0430N01,0198N01,100,シンオウのいし1コ,,,,,,TRUE
0431N01,,0,,,,,,,FALSE
0432N01,0431N01,50,,,,,,,TRUE
0433N01,,0,,,,,,,FALSE
0434N01,,0,,,,,,,FALSE
0435N01,0434N01,50,,,,,,,TRUE
0436N01,,0,,,,,,,FALSE
0437N01,0436N01,50,,,,,,,TRUE
0438N01,,0,,,,,,,FALSE
0439N01,,0,,,,,,,FALSE
0440N01,,0,,,,,,,FALSE
0441N01,,0,,,,,,,FALSE
0442N01,,0,,,,,,,FALSE
0443N01,,0,,,,,,,FALSE
0444N01,0443N01,25,,,,,,,TRUE
0445N01,0444N01,100,,,,,,,TRUE
0445M01,,0,,,,,,,FALSE
0446N01,,0,,,,,,,FALSE
0447N01,,0,,,,,,,FALSE
0448N01,0447N01,50,,,,,,,TRUE
0448M01,,0,,,,,,,FALSE
0449N01,,0,,,,,,,FALSE
0450N01,0449N01,50,,,,,,,TRUE
0451N01,,0,,,,,,,FALSE
0452N01,0451N01,50,,,,,,,TRUE
0453N01,,0,,,,,,,FALSE
0454N01,0453N01,50,,,,,,,TRUE
0455N01,,0,,,,,,,FALSE
0456N01,,0,,,,,,,FALSE
0457N01,0456N01,50,,,,,,,TRUE
0458N01,,0,,,,,,,FALSE
0459N01,,0,,,,,,,FALSE
0460N01,0459N01,50,,,,,,,TRUE
0460M01,,0,,,,,,,FALSE
0461N01,0215N01,100,シンオウのいし1コ,,,,,,TRUE
0462N01,0082N01,100,,,,マグネットルアーを使用したポケストの近く,,,TRUE
0463N01,0108N01,100,シンオウのいし1コ,,,,,,TRUE
0464N01,0112N01,100,シンオウのいし1コ,,,,,,TRUE
0465N01,0114N01,100,シンオウのいし1コ,,,,,,TRUE
0466N01,0125N01,100,シンオウのいし1コ,,,,,,TRUE
0467N01,0126N01,100,シンオウのいし1コ,,,,,,TRUE
0468N01,0176N01,100,シンオウのいし1コ,,,,,,TRUE
0469N01,0193N01,100,シンオウのいし1コ,,,,,,TRUE
0470N01,0133N01,25,,,,ハーブルアーを使用したポケストの近く,,リーフィア、グレイシアの進化は最優先されるため、ルアーモジュールの近くでは他のポケモンには進化出来ない。,TRUE
0471N01,0133N01,25,,,,アイスルアーを使用したポケストの近く,,,TRUE
0472N01,0207N01,100,シンオウのいし1コ,,,,,,TRUE
0473N01,0221N01,100,シンオウのいし1コ,,,,,,TRUE
0474N01,0233N01,100,シンオウのいし1コ,,,,,,TRUE
0475N01,0281N01,100,シンオウのいし1コ,,,,,,TRUE
0475M01,,0,,,,,,,FALSE
0476N01,0299N01,50,,,,マグネットルアーを使用したポケストの近く,,,TRUE
0477N01,0356N01,100,シンオウのいし1コ,,,,,,TRUE
0478N01,0361N01,100,シンオウのいし1コ,,,,,,TRUE
0479N01,,0,,,,,,,FALSE
0479N02,,0,,,,,,,FALSE
0479N03,,0,,,,,,,FALSE
0479N04,,0,,,,,,,FALSE
0479N05,,0,,,,,,,FALSE
0479N06,,0,,,,,,,FALSE
0480N01,,0,,,,,,,FALSE
0481N01,,0,,,,,,,FALSE
0482N01,,0,,,,,,,FALSE
0483N01,,0,,,,,,,FALSE
0483N02,,0,,,,,,,FALSE
0484N01,,0,,,,,,,FALSE
0484N02,,0,,,,,,,FALSE
0485N01,,0,,,,,,,FALSE
0486N01,,0,,,,,,,FALSE
0487N01,,0,,,,,,,FALSE
0487N02,,0,,,,,,,FALSE
0488N01,,0,,,,,,,FALSE
0489N01,,0,,,,,,,FALSE
0490N01,,0,,,,,,,FALSE
0491N01,,0,,,,,,,FALSE
0492N01,,0,,,,,,,FALSE
0492N02,,0,,,,,,,FALSE
0493N01,,0,,,,,,,FALSE
0494N01,,0,,,,,,,FALSE
0495N01,,0,,,,,,,FALSE
0496N01,0495N01,25,,,,,,,TRUE
0497N01,0496N01,100,,,,,,,TRUE
0498N01,,0,,,,,,,FALSE
0499N01,0498N01,25,,,,,,,TRUE
0500N01,0499N01,100,,,,,,,TRUE
0501N01,,0,,,,,,,FALSE
0502N01,0501N01,25,,,,,,,TRUE
0503N01,0502N01,100,,,,,,,TRUE
0503H01,0502N01,0,,,,,,,FALSE
0504N01,,0,,,,,,,FALSE
0505N01,0504N01,50,,,,,,,TRUE
0506N01,,0,,,,,,,FALSE
0507N01,0506N01,25,,,,,,,TRUE
0508N01,0507N01,100,,,,,,,TRUE
0509N01,,0,,,,,,,FALSE
0510N01,0509N01,50,,,,,,,TRUE
0511N01,,0,,,,,,,FALSE
0512N01,0511N01,50,イッシュのいし1コ,,,,,,TRUE
0513N01,,0,,,,,,,FALSE
0514N01,0513N01,50,イッシュのいし1コ,,,,,,TRUE
0515N01,,0,,,,,,,FALSE
0516N01,0515N01,50,イッシュのいし1コ,,,,,,TRUE
0517N01,,0,,,,,,,FALSE
0518N01,0517N01,50,イッシュのいし1コ,,,,,,TRUE
0519N01,,0,,,,,,,FALSE
0520N01,0519N01,12,,,,,,,TRUE
0521N01,0520N01,50,,,,,,,TRUE
0522N01,,0,,,,,,,FALSE
0523N01,0522N01,50,,,,,,,TRUE
0524N01,,0,,,,,,,FALSE
0525N01,0524N01,50,,,,,,,TRUE
0526N01,0525N01,200,,,,,交換後はアメ0個,,TRUE
0527N01,,0,,,,,,,FALSE
0528N01,0527N01,50,,1km歩く,,,,,TRUE
0529N01,,0,,,,,,,FALSE
0530N01,0529N01,50,,,,,,,TRUE
0531N01,,0,,,,,,,FALSE
0531M01,,0,,,,,,,FALSE
0532N01,,0,,,,,,,FALSE
0533N01,0532N01,50,,,,,,,TRUE
0534N01,0533N01,200,,,,,交換後はアメ0個,,TRUE
0535N01,,0,,,,,,,FALSE
0536N01,0535N01,25,,,,,,,TRUE
0537N01,0536N01,100,,,,,,,TRUE
0538N01,,0,,,,,,,FALSE
0539N01,,0,,,,,,,FALSE
0540N01,,0,,,,,,,FALSE
0541N01,0540N01,25,,,,,,,TRUE
0542N01,0541N01,100,,,,,,,TRUE
0543N01,,0,,,,,,,FALSE
0544N01,0543N01,25,,,,,,,TRUE
0545N01,0544N01,100,,,,,,,TRUE
0546N01,,0,,,,,,,FALSE
0547N01,0546N01,50,たいようのいし1コ,,,,,,TRUE
0548N01,,0,,,,,,,FALSE
0549N01,0548N01,50,たいようのいし1コ,,,,,,TRUE
0549H01,0548N01,50,たいようのいし1コ,,,,,,TRUE
0550N01,,0,,,,,,,FALSE
0550N02,,0,,,,,,,FALSE
0550N03,,0,,,,,,,FALSE
0551N01,,0,,,,,,,FALSE
0552N01,0551N01,25,,,,,,,TRUE
0553N01,0552N01,100,,,,,,,TRUE
0554N01,,0,,,,,,,FALSE
0554G01,,0,,,,,,,FALSE
0555N01,0554N01,50,,,,,,,TRUE
0555N02,,0,,,,,,,FALSE
0555G01,0554G01,50,,,,,,,TRUE
0555G02,,0,,,,,,,FALSE
0556N01,,0,,,,,,,FALSE
0557N01,,0,,,,,,,FALSE
0558N01,0557N01,50,,,,,,,TRUE
0559N01,,0,,,,,,,FALSE
0560N01,0559N01,50,,,,,,,TRUE
0561N01,,0,,,,,,,FALSE
0562N01,,0,,,,,,,FALSE
0562G01,,0,,,,,,,FALSE
0563N01,0562N01,50,,,,,,,TRUE
0564N01,,0,,,,,,,FALSE
0565N01,0564N01,50,,,,,,,TRUE
0566N01,,0,,,,,,,FALSE
0567N01,0566N01,50,,,,,,,TRUE
0568N01,,0,,,,,,,FALSE
0569N01,0568N01,50,,,,,,,TRUE
0570N01,,0,,,,,,,FALSE
0570H01,,0,,,,,,,FALSE
0571N01,0570N01,50,,,,,,,TRUE
0571H01,0570H01,0,,,,,,,TRUE
0572N01,,0,,,,,,,FALSE
0573N01,0572N01,50,イッシュのいし1コ,,,,,,TRUE
0574N01,,0,,,,,,,FALSE
0575N01,,0,,,,,,,FALSE
0576N01,0575N01,100,,,,,,,TRUE
0577N01,,0,,,,,,,FALSE
0578N01,0577N01,25,,,,,,,TRUE
0579N01,0578N01,100,,,,,,,TRUE
0580N01,,0,,,,,,,FALSE
0581N01,0580N01,50,,,,,,,TRUE
0582N01,,0,,,,,,,FALSE
0583N01,0582N01,25,,,,,,,TRUE
0584N01,0583N01,100,,,,,,,TRUE
0585N01,,0,,,,,,,FALSE
0585N02,,0,,,,,,,FALSE
0585N03,,0,,,,,,,FALSE
0585N04,,0,,,,,,,FALSE
0586N01,0585N01,50,,,,,,,TRUE
0586N02,0585N02,50,,,,,,,TRUE
0586N03,0585N03,50,,,,,,,TRUE
0586N04,0585N04,50,,,,,,,TRUE
0587N01,,0,,,,,,,FALSE
0588N01,,0,,,,,,,FALSE
0589N01,0588N01,200,,,,,交換後はアメ0個,,TRUE
0590N01,,0,,,,,,,FALSE
0591N01,0590N01,50,,,,,,,TRUE
0592N01,,0,,,,,,,FALSE
0592N02,,0,,,,,,,FALSE
0593N01,0592N01,50,,,,,,,TRUE
0593N02,0592N02,50,,,,,,,TRUE
0594N01,,0,,,,,,,FALSE
0595N01,,0,,,,,,,FALSE
0596N01,0595N01,50,,,,,,,TRUE
0597N01,,0,,,,,,,FALSE
0598N01,0597N01,50,,,,,,,TRUE
0599N01,,0,,,,,,,FALSE
0600N01,0599N01,25,,,,,,,TRUE
0601N01,0600N01,100,,,,,,,TRUE
0602N01,,0,,,,,,,FALSE
0603N01,0602N01,25,,,,,,,TRUE
0604N01,0603N01,100,イッシュのいし1コ,,,,,,TRUE
0605N01,,0,,,,,,,FALSE
0606N01,0605N01,50,,,,,,,TRUE
0607N01,,0,,,,,,,FALSE
0608N01,0607N01,25,,,,,,,TRUE
0609N01,0608N01,100,イッシュのいし1コ,,,,,,TRUE
0610N01,,0,,,,,,,FALSE
0611N01,0610N01,25,,,,,,,TRUE
0612N01,0611N01,100,,,,,,,TRUE
0613N01,,0,,,,,,,FALSE
0614N01,0613N01,50,,,,,,,TRUE
0615N01,,0,,,,,,,FALSE
0616N01,,0,,,,,,,FALSE
0617N01,0616N01,200,,,,,交換後はアメ0個,,TRUE
0618N01,,0,,,,,,,FALSE
0618G01,,0,,,,,,,FALSE
0619N01,,0,,,,,,,FALSE
0620N01,0619N01,50,,,,,,,TRUE
0621N01,,0,,,,,,,FALSE
0622N01,,0,,,,,,,FALSE
0623N01,0622N01,50,,,,,,,TRUE
0624N01,,0,,,,,,,FALSE
0625N01,0624N01,50,,,,,,,TRUE
0626N01,,0,,,,,,,FALSE
0627N01,,0,,,,,,,FALSE
0628N01,0627N01,50,,,,,,,TRUE
0628H01,0627N01,0,,,,,,ポケモンGOでは、ワシボンはヒスイウォーグルに進化しない。,FALSE
0629N01,,0,,,,,,,FALSE
0630N01,0629N01,50,,,,,,,TRUE
0631N01,,0,,,,,,,FALSE
0632N01,,0,,,,,,,FALSE
0633N01,,0,,,,,,,FALSE
0634N01,0633N01,25,,,,,,,TRUE
0635N01,0634N01,100,,,,,,,TRUE
0636N01,,0,,,,,,,FALSE
0637N01,0636N01,400,,,,,,,TRUE
0638N01,,0,,,,,,,FALSE
0639N01,,0,,,,,,,FALSE
0640N01,,0,,,,,,,FALSE
0641N01,,0,,,,,,,FALSE
0641N02,,0,,,,,,,FALSE
0642N01,,0,,,,,,,FALSE
0642N02,,0,,,,,,,FALSE
0643N01,,0,,,,,,,FALSE
0644N01,,0,,,,,,,FALSE
0645N01,,0,,,,,,,FALSE
0645N02,,0,,,,,,,FALSE
0646N01,,0,,,,,,,FALSE
0646N02,,0,,,,,,,FALSE
0646N03,,0,,,,,,,FALSE
0647N01,,0,,,,,,,FALSE
0647N02,,0,,,,,,,FALSE
0648N01,,0,,,,,,,FALSE
0648N02,,0,,,,,,,FALSE
0649N01,,0,,,,,,,FALSE
0650N01,,0,,,,,,,FALSE
0651N01,0650N01,25,,,,,,,TRUE
0652N01,0651N01,100,,,,,,,TRUE
0653N01,,0,,,,,,,FALSE
0654N01,0653N01,25,,,,,,,TRUE
0655N01,0654N01,100,,,,,,,TRUE
0656N01,,0,,,,,,,FALSE
0657N01,0656N01,25,,,,,,,TRUE
0658N01,0657N01,100,,,,,,,TRUE
0658N02,0657N01,100,,,,,,,TRUE
0659N01,,0,,,,,,,FALSE
0660N01,0659N01,50,,,,,,,TRUE
0661N01,,0,,,,,,,FALSE
0662N01,0661N01,25,,,,,,,TRUE
0663N01,0662N01,100,,,,,,,TRUE
0664N01,,0,,,,,,,FALSE
0665N01,0664N01,25,,,,,,,TRUE
0666N01,0665N01,100,,,,,,,TRUE
0667N01,,0,,,,,,,FALSE
0668N01,0667N01,50,,,オスのみ,,,,TRUE
0668N02,0667N01,50,,,メスのみ,,,,TRUE
0669N01,,0,,,,,,,FALSE
0670N01,0669N01,25,,,,,,,TRUE
0671N01,0670N01,100,,ハートを20個を獲得する,,,,,TRUE
0672N01,,0,,,,,,,FALSE
0673N01,0672N01,0,,,,,,,TRUE
0674N01,,0,,,,,,,FALSE
0675N01,0674N01,50,,あくタイプを32匹捕まえる,,,,,TRUE
0676N01,,0,,,,,,,FALSE
0677N01,,0,,,,,,,FALSE
0678N01,0677N01,50,,,オスのみ,,,,TRUE
0678N02,0677N01,50,,,メスのみ,,,,TRUE
0679N01,,0,,,,,,,FALSE
0680N01,0679N01,0,,,,,,,TRUE
0681N01,0680N01,0,,,,,,,TRUE
0681N02,0680N01,0,,,,,,,TRUE
0682N01,,0,,,,,,,FALSE
0683N01,0682N01,50,,おこうを使用する,,,,,TRUE
0684N01,,0,,,,,,,FALSE
0685N01,0684N01,50,,おやつを25個あげる,,,,,TRUE
0686N01,,0,,,,,,,FALSE
0687N01,0686N01,50,,,端末を上下逆さまにする,,,,TRUE
0688N01,,0,,,,,,,FALSE
0689N01,0688N01,50,,,,,,,TRUE
0690N01,,0,,,,,,,FALSE
0691N01,0690N01,50,,,,,,,TRUE
0692N01,,0,,,,,,,FALSE
0693N01,0692N01,50,,,,,,,TRUE
0694N01,,0,,,,,,,FALSE
0695N01,0694N01,50,たいようのいし1コ,,,,,,TRUE
0696N01,,0,,,,,,,FALSE
0697N01,0696N01,50,,,昼のみ,,,,TRUE
0698N01,,0,,,,,,,FALSE
0699N01,0698N01,50,,,夜のみ,,,,TRUE
0700N01,0133N01,25,,ハートを70個獲得する,,,,,TRUE
0701N01,,0,,,,,,,FALSE
0702N01,,0,,,,,,,FALSE
0703N01,,0,,,,,,,FALSE
0704N01,,0,,,,,,,FALSE
0705N01,0704N01,25,,,,,,,TRUE
0705H01,0704N01,0,,,,,,,FALSE
0706N01,0705N01,100,,,,レイニールアーを使用したポケストの近く,,,TRUE
0706H01,0705H01,0,,,,,,,FALSE
0707N01,,0,,,,,,,FALSE
0708N01,,0,,,,,,,FALSE
0709N01,0708N01,200,,,,,交換後はアメ0個,,TRUE
0710N01,,0,,,,,,,FALSE
0710N02,,0,,,,,,,FALSE
0710N03,,0,,,,,,,FALSE
0710N04,,0,,,,,,,FALSE
0711N01,0710N01,200,,,,,交換後はアメ0個,,TRUE
0711N02,0710N02,200,,,,,交換後はアメ0個,,TRUE
0711N03,0710N03,200,,,,,交換後はアメ0個,,TRUE
0711N04,0710N04,200,,,,,交換後はアメ0個,,TRUE
0712N01,,0,,,,,,,FALSE
0713N01,0712N01,50,,,,,,,TRUE
0713H01,0712N01,0,,,,,,ポケモンGOでは、カチコールはヒスイクレベースに進化しない。,FALSE
0714N01,,0,,,,,,,FALSE
0715N01,0714N01,400,,,,,,,TRUE
0716N01,,0,,,,,,,FALSE
0717N01,,0,,,,,,,FALSE
0718N01,,0,,,,,,,FALSE
0718N02,,0,,,,,,,FALSE
0718N03,,0,,,,,,,FALSE
0719N01,,0,,,,,,,FALSE
0719M01,,0,,,,,,,FALSE
0720N01,,0,,,,,,,FALSE
0720N02,,0,,,,,,,FALSE
0721N01,,0,,,,,,,FALSE
0722N01,,0,,,,,,,FALSE
0723N01,0722N01,25,,,,,,,TRUE
0724N01,0723N01,100,,,,,,,TRUE
0724H01,0723N01,0,,,,,,ポケモンGOでは、もくろーはヒスイジュナイパーに進化しない。,FALSE
0725N01,,0,,,,,,,FALSE
0726N01,0725N01,25,,,,,,,TRUE
0727N01,0726N01,100,,,,,,,TRUE
0728N01,,0,,,,,,,FALSE
0729N01,0728N01,25,,,,,,,TRUE
0730N01,0729N01,100,,,,,,,TRUE
0731N01,,0,,,,,,,FALSE
0732N01,0731N01,25,,,,,,,TRUE
0733N01,0732N01,100,,,,,,,TRUE
0734N01,,0,,,,,,,FALSE
0735N01,0734N01,50,,,昼のみ,,,,TRUE
0736N01,,0,,,,,,,FALSE
0737N01,0736N01,25,,,,,,,TRUE
0738N01,0737N01,100,,,,マグネットルアーを使用したポケストの近く,,,TRUE
0739N01,,0,,,,,,,FALSE
0740N01,0739N01,50,,,,アイスルアーを使用したポケストの近く,,,TRUE
0741N01,,0,,,,,,,FALSE
0741N02,,0,,,,,,,FALSE
0741N03,,0,,,,,,,FALSE
0741N04,,0,,,,,,,FALSE
0742N01,,0,,,,,,,FALSE
0743N01,0742N01,50,,,,,,,TRUE
0744N01,,0,,,,,,,FALSE
0745N01,0744N01,50,,,昼のみ,,,,TRUE
0745N02,0744N01,50,,,夜のみ,,,,TRUE
0745N03,0744N01,0,,,,,,,TRUE
0746N01,,0,,,,,,,FALSE
0746N02,,0,,,,,,,FALSE
0747N01,,0,,,,,,,FALSE
0748N01,0747N01,50,,,,,,,TRUE
0749N01,,0,,,,,,,FALSE
0750N01,0749N01,0,,,,,,,TRUE
0751N01,,0,,,,,,,FALSE
0752N01,0751N01,50,,,,,,,TRUE
0753N01,,0,,,,,,,FALSE
0754N01,0753N01,50,,,昼のみ,,,,TRUE
0755N01,,0,,,,,,,FALSE
0756N01,0755N01,50,,,,,,,TRUE
0757N01,,0,,,,,,,FALSE
0758N01,0757N01,50,,,メスのみ,,,,TRUE
0759N01,,0,,,,,,,FALSE
0760N01,0759N01,400,,,,,,,TRUE
0761N01,,0,,,,,,,FALSE
0762N01,0761N01,25,,,,,,,TRUE
0763N01,0762N01,100,,,,,,,TRUE
0764N01,,0,,,,,,,FALSE
0765N01,,0,,,,,,,FALSE
0766N01,,0,,,,,,,FALSE
0767N01,,0,,,,,,,FALSE
0768N01,0767N01,400,,,,,,,TRUE
0769N01,,0,,,,,,,FALSE
0770N01,0769N01,50,,,,,,,TRUE
0771N01,,0,,,,,,,FALSE
0772N01,,0,,,,,,,FALSE
0773N01,0772N01,0,,,,,,,TRUE
0774N01,,0,,,,,,,FALSE
0774N02,,0,,,,,,,FALSE
0775N01,,0,,,,,,,FALSE
0776N01,,0,,,,,,,FALSE
0777N01,,0,,,,,,,FALSE
0778N01,,0,,,,,,,FALSE
0779N01,,0,,,,,,,FALSE
0780N01,,0,,,,,,,FALSE
0781N01,,0,,,,,,,FALSE
0782N01,,0,,,,,,,FALSE
0783N01,0782N01,25,,,,,,,TRUE
0784N01,0783N01,100,,,,,,,TRUE
0785N01,,0,,,,,,,FALSE
0786N01,,0,,,,,,,FALSE
0787N01,,0,,,,,,,FALSE
0788N01,,0,,,,,,,FALSE
0789N01,,0,,,,,,,FALSE
0790N01,0789N01,25,,,,,,,TRUE
0791N01,0790N01,100,,,昼のみ,,,,TRUE
0792N01,0790N01,100,,,夜のみ,,,,TRUE
0793N01,,0,,,,,,,FALSE
0794N01,,0,,,,,,,FALSE
0795N01,,0,,,,,,,FALSE
0796N01,,0,,,,,,,FALSE
0797N01,,0,,,,,,,FALSE
0798N01,,0,,,,,,,FALSE
0799N01,,0,,,,,,,FALSE
0800N01,,0,,,,,,,FALSE
0800N02,,0,,,,,,,FALSE
0800N03,,0,,,,,,,FALSE
0800N04,,0,,,,,,,FALSE
0801N01,,0,,,,,,,FALSE
0802N01,,0,,,,,,,FALSE
0803N01,,0,,,,,,,FALSE
0804N01,0803N01,0,,,,,,,TRUE
0805N01,,0,,,,,,,FALSE
0806N01,,0,,,,,,,FALSE
0807N01,,0,,,,,,,FALSE
0808N01,,0,,,,,,,FALSE
0809N01,0808N01,400,,,,,,,TRUE
0810N01,,0,,,,,,,FALSE
0811N01,0810N01,0,,,,,,,TRUE
0812N01,0811N01,0,,,,,,,TRUE
0813N01,,0,,,,,,,FALSE
0814N01,0813N01,0,,,,,,,TRUE
0815N01,0814N01,0,,,,,,,TRUE
0816N01,,0,,,,,,,FALSE
0817N01,0816N01,0,,,,,,,TRUE
0818N01,0817N01,0,,,,,,,TRUE
0819N01,,0,,,,,,,FALSE
0820N01,0819N01,50,,,,,,,TRUE
0821N01,,0,,,,,,,FALSE
0822N01,0821N01,0,,,,,,,TRUE
0823N01,0822N01,0,,,,,,,TRUE
0824N01,,0,,,,,,,FALSE
0825N01,0824N01,0,,,,,,,TRUE
0826N01,0825N01,0,,,,,,,TRUE
0827N01,,0,,,,,,,FALSE
0828N01,0827N01,0,,,,,,,TRUE
0829N01,,0,,,,,,,FALSE
0830N01,0829N01,0,,,,,,,TRUE
0831N01,,0,,,,,,,FALSE
0832N01,0831N01,50,,,,,,,TRUE
0833N01,,0,,,,,,,FALSE
0834N01,0833N01,0,,,,,,,TRUE
0835N01,,0,,,,,,,FALSE
0836N01,0835N01,0,,,,,,,TRUE
0837N01,,0,,,,,,,FALSE
0838N01,0837N01,0,,,,,,,TRUE
0839N01,0838N01,0,,,,,,,TRUE
0840N01,,0,,,,,,,FALSE
0841N01,0840N01,0,,,,,,,TRUE
0842N01,0840N01,0,,,,,,,TRUE
0843N01,,0,,,,,,,FALSE
0844N01,0843N01,0,,,,,,,TRUE
0845N01,,0,,,,,,,FALSE
0846N01,,0,,,,,,,FALSE
0847N01,0846N01,0,,,,,,,TRUE
0848N01,,0,,,,,,,FALSE
0849N01,0848N01,0,,,,,,,TRUE
0849N02,0848N01,0,,,,,,,TRUE
0850N01,,0,,,,,,,FALSE
0851N01,0850N01,0,,,,,,,TRUE
0852N01,,0,,,,,,,FALSE
0853N01,0852N01,0,,,,,,,TRUE
0854N01,,0,,,,,,,FALSE
0854N02,,0,,,,,,,FALSE
0855N01,0854N01,0,,,,,,,TRUE
0855N02,0854N02,0,,,,,,,TRUE
0856N01,,0,,,,,,,FALSE
0857N01,0856N01,0,,,,,,,TRUE
0858N01,0857N01,0,,,,,,,TRUE
0859N01,,0,,,,,,,FALSE
0860N01,0859N01,0,,,,,,,TRUE
0861N01,0860N01,0,,,,,,,TRUE
0862N01,0264G01,100,,,,,,,TRUE
0863N01,0052G01,50,,,,,,,TRUE
0864N01,,0,,,,,,,FALSE
0865N01,0083G01,50,,エクセレントスローを10回投げる,,,,,TRUE
0866N01,0122G01,50,,,,,,,TRUE
0867N01,0562G01,50,,レイドバトルに10回勝利する,,,,,TRUE
0868N01,,0,,,,,,,FALSE
0869N01,0868N01,0,,,,,,,TRUE
0870N01,,0,,,,,,,FALSE
0871N01,,0,,,,,,,FALSE
0872N01,,0,,,,,,,FALSE
0873N01,0872N01,0,,,,,,,TRUE
0874N01,,0,,,,,,,FALSE
0875N01,,0,,,,,,,FALSE
0875N02,,0,,,,,,,FALSE
0876N01,,0,,,,,,,FALSE
0876N02,,0,,,,,,,FALSE
0877N01,,0,,,,,,,FALSE
0877N02,,0,,,,,,,FALSE
0878N01,,0,,,,,,,FALSE
0879N01,0878N01,0,,,,,,,TRUE
0880N01,,0,,,,,,,FALSE
0881N01,,0,,,,,,,FALSE
0882N01,,0,,,,,,,FALSE
0883N01,,0,,,,,,,FALSE
0884N01,,0,,,,,,,FALSE
0885N01,,0,,,,,,,FALSE
0886N01,0885N01,0,,,,,,,TRUE
0887N01,0886N01,0,,,,,,,TRUE
0888N01,,0,,,,,,,FALSE
0888N02,,0,,,,,,,FALSE
0889N01,,0,,,,,,,FALSE
0889N02,,0,,,,,,,FALSE
0890N01,,0,,,,,,,FALSE
0891N01,,0,,,,,,,FALSE
0892N01,0891N01,0,,,,,,,TRUE
0892N02,0891N01,0,,,,,,,TRUE
0893N01,,0,,,,,,,FALSE
0894N01,,0,,,,,,,FALSE
0895N01,,0,,,,,,,FALSE
0896N01,,0,,,,,,,FALSE
0897N01,,0,,,,,,,FALSE
0898N01,,0,,,,,,,FALSE
0898N02,,0,,,,,,,FALSE
0898N03,,0,,,,,,,FALSE
0899N01,0234N01,0,,,,,,,TRUE
0900N01,0123N01,50,メタルコート1コ,,,,,,TRUE
0901N01,0217N01,100,,,満月時,,,,TRUE
0902N01,0550N03,0,,,,,,,TRUE
0902N02,0550N03,0,,,,,,,TRUE
0903N01,0215H01,100,,7km歩く,昼のみ,,,,TRUE
0904N01,0211H01,50,,レイドバトルに10回勝利する,,,,,TRUE
0905N01,,0,,,,,,,FALSE
0905N02,,0,,,,,,,FALSE
0906N01,,0,,,,,,,FALSE
0907N01,0906N01,0,,,,,,,TRUE
0908N01,0907N01,0,,,,,,,TRUE
0909N01,,0,,,,,,,FALSE
0910N01,0909N01,0,,,,,,,TRUE
0911N01,0910N01,0,,,,,,,TRUE
0912N01,,0,,,,,,,FALSE
0913N01,0912N01,0,,,,,,,TRUE
0914N01,0913N01,0,,,,,,,TRUE
0915N01,,0,,,,,,,FALSE
0916N01,0915N01,0,,,,,,,TRUE
0916N02,0915N01,0,,,,,,,TRUE
0917N01,,0,,,,,,,FALSE
0918N01,0917N01,0,,,,,,,TRUE
0919N01,,0,,,,,,,FALSE
0920N01,0919N01,0,,,,,,,TRUE
0921N01,,0,,,,,,,FALSE
0922N01,0921N01,0,,,,,,,TRUE
0923N01,0922N01,0,,,,,,,TRUE
0924N01,,0,,,,,,,FALSE
0925N01,0923N01,0,,,,,,,TRUE
0925N02,0924N01,0,,,,,,,TRUE
0926N01,,0,,,,,,,FALSE
0927N01,0926N01,0,,,,,,,TRUE
0928N01,,0,,,,,,,FALSE
0929N01,0928N01,0,,,,,,,TRUE
0930N01,0929N01,0,,,,,,,TRUE
0931N01,,0,,,,,,,FALSE
0931N02,,0,,,,,,,FALSE
0931N03,,0,,,,,,,FALSE
0931N04,,0,,,,,,,FALSE
0932N01,,0,,,,,,,FALSE
0933N01,0932N01,0,,,,,,,TRUE
0934N01,0933N01,0,,,,,,,TRUE
0935N01,,0,,,,,,,FALSE
0936N01,0935N01,0,,,,,,,TRUE
0937N01,0935N01,0,,,,,,,TRUE
0938N01,,0,,,,,,,FALSE
0939N01,0938N01,0,,,,,,,TRUE
0940N01,,0,,,,,,,FALSE
0941N01,0940N01,0,,,,,,,TRUE
0942N01,,0,,,,,,,FALSE
0943N01,0942N01,0,,,,,,,TRUE
0944N01,,0,,,,,,,FALSE
0945N01,0944N01,0,,,,,,,TRUE
0946N01,,0,,,,,,,FALSE
0947N01,0946N01,0,,,,,,,TRUE
0948N01,,0,,,,,,,FALSE
0949N01,0948N01,0,,,,,,,TRUE
0950N01,,0,,,,,,,FALSE
0951N01,,0,,,,,,,FALSE
0952N01,0951N01,0,,,,,,,TRUE
0953N01,,0,,,,,,,FALSE
0954N01,0953N01,0,,,,,,,TRUE
0955N01,,0,,,,,,,FALSE
0956N01,0955N01,0,,,,,,,TRUE
0957N01,,0,,,,,,,FALSE
0958N01,0957N01,0,,,,,,,TRUE
0959N01,0958N01,0,,,,,,,TRUE
0960N01,,0,,,,,,,FALSE
0961N01,0960N01,0,,,,,,,TRUE
0962N01,,0,,,,,,,FALSE
0963N01,,0,,,,,,,FALSE
0964N01,0963N01,0,,,,,,,TRUE
0964N02,,0,,,,,,,FALSE
0965N01,,0,,,,,,,FALSE
0966N01,0965N01,0,,,,,,,TRUE
0967N01,,0,,,,,,,FALSE
0968N01,,0,,,,,,,FALSE
0969N01,,0,,,,,,,FALSE
0970N01,0969N01,0,,,,,,,TRUE
0971N01,,0,,,,,,,FALSE
0972N01,0971N01,0,,,,,,,TRUE
0973N01,,0,,,,,,,FALSE
0974N01,,0,,,,,,,FALSE
0975N01,0974N01,0,,,,,,,TRUE
0976N01,,0,,,,,,,FALSE
0977N01,,0,,,,,,,FALSE
0978N01,,0,,,,,,,FALSE
0978N02,,0,,,,,,,FALSE
0978N03,,0,,,,,,,FALSE
0979N01,0057N01,0,,,,,,,TRUE
0980N01,0194P01,0,,,,,,,TRUE
0981N01,0203N01,0,,,,,,,TRUE
0982N01,0206N01,0,,,,,,,TRUE
0982N02,0206N01,0,,,,,,,TRUE
0983N01,0625N01,0,,,,,,,TRUE
0984N01,,0,,,,,,,FALSE
0985N01,,0,,,,,,,FALSE
0986N01,,0,,,,,,,FALSE
0987N01,,0,,,,,,,FALSE
0988N01,,0,,,,,,,FALSE
0989N01,,0,,,,,,,FALSE
0990N01,,0,,,,,,,FALSE
0991N01,,0,,,,,,,FALSE
0992N01,,0,,,,,,,FALSE
0993N01,,0,,,,,,,FALSE
0994N01,,0,,,,,,,FALSE
0995N01,,0,,,,,,,FALSE
0996N01,,0,,,,,,,FALSE
0997N01,0996N01,0,,,,,,,TRUE
0998N01,0997N01,0,,,,,,,TRUE
0999N01,,0,,,,,,,FALSE
0999N02,,0,,,,,,,FALSE
# 1000N01はサーフゴー。進化前が複数存在し、本来存在しない0999N02を割り当てている。,,0,,,,,,,
# サーフゴー(1000N01)の進化ツリーを検索した場合は、02の進化ツリーもヒットさせる。,,0,,,,,,,
1000N01,0999N01,0,,,,,,コレクレーは、はこフォルムも、とほフォルムもサーフゴーに進化する。,FALSE
1000N02,0999N02,0,,,コレクレーのコイン999枚,,,,FALSE
1001N01,,0,,,,,,,FALSE
1002N01,,0,,,,,,,FALSE
1003N01,,0,,,,,,,FALSE
1004N01,,0,,,,,,,FALSE
1005N01,,0,,,,,,,FALSE
1006N01,,0,,,,,,,FALSE
1007N01,,0,,,,,,,FALSE
1008N01,,0,,,,,,,FALSE
1009N01,,0,,,,,,,FALSE
1010N01,,0,,,,,,,FALSE
